code,name,buy_date,sell_date,buy,sell,pnl_pct,weight,closed,sheet,idx,hold_days,year
000068,华控赛格,2023-03-22,2023-03-27,3.6600000858306885,3.5399999618530273,-0.032786918350693264,1.0,True,第1轮-进行中,训练记录1,5,2023
000068,华控赛格,2023-05-05,2023-05-26,3.140000104904175,3.369999885559082,0.07324833534103536,1.0,True,第1轮-进行中,训练记录1,21,2023
000068,华控赛格,2023-06-02,2023-06-15,3.259999990463257,2.9700000286102295,-0.08895704377343185,1.0,True,第1轮-进行中,训练记录1,13,2023
000068,华控赛格,2023-10-18,2023-10-23,3.5899999141693115,3.4600000381469727,-0.03621166549593623,1.0,True,第1轮-进行中,训练记录1,5,2023
603057,紫燕食品,2025-01-06,2025-01-22,16.662076950073242,16.3204402923584,-0.02050384587338867,1.0,True,第1轮-进行中,训练记录2,16,2025
603057,紫燕食品,2025-05-26,2025-08-15,20.8700008392334,22.26,0.06660273621808158,1.0,False,第1轮-进行中,训练记录2,81,2025
603578,三星新材,2022-07-07,2022-07-15,12.17380428314209,12.408291816711426,0.019261648053110814,1.0,True,第1轮-进行中,训练记录3,8,2022
603578,三星新材,2022-08-22,2022-08-25,12.945658683776855,12.701401710510254,-0.01886786754023553,1.0,True,第1轮-进行中,训练记录3,3,2022
603578,三星新材,2022-09-20,2022-10-13,11.128381729125977,11.84161376953125,0.06409126302151846,1.0,True,第1轮-进行中,训练记录3,23,2022
603578,三星新材,2022-10-28,2022-11-09,11.675518989562988,12.535305976867676,0.07364015150617892,1.0,True,第1轮-进行中,训练记录3,12,2022
603578,三星新材,2022-12-12,2022-12-16,12.789334297180176,12.466914176940918,-0.025210078394021323,1.0,True,第1轮-进行中,训练记录3,4,2022
603578,三星新材,2022-12-27,2023-01-18,11.93931770324707,12.857726097106934,0.07692302162376405,1.0,True,第1轮-进行中,训练记录3,22,2022
603613,国联股份,2022-03-16,2022-03-22,51.23738479614258,52.544227600097656,0.02550565000837951,1.0,True,第1轮-进行中,训练记录4,6,2022
603613,国联股份,2022-04-06,2022-04-11,51.17671203613281,49.0531005859375,-0.041495660149013826,1.0,True,第1轮-进行中,训练记录4,5,2022
603613,国联股份,2022-04-18,2022-04-22,48.385677337646484,44.6098518371582,-0.07803601619834098,1.0,True,第1轮-进行中,训练记录4,4,2022
300597,吉大通信,2021-07-26,2021-09-17,9.049443244934082,8.950108528137207,-0.010976887097720957,1.0,True,第1轮-进行中,训练记录5,53,2021
300597,吉大通信,2021-10-18,2021-10-21,9.168645858764648,8.622302055358887,-0.05958827637382149,1.0,True,第1轮-进行中,训练记录5,3,2021
300597,吉大通信,2021-10-27,2021-10-28,8.264695167541504,8.155426025390625,-0.013221194482770399,1.0,True,第1轮-进行中,训练记录5,1,2021
300597,吉大通信,2021-11-16,2021-12-07,8.989842414855957,8.801105499267578,-0.02099446318174455,1.0,True,第1轮-进行中,训练记录5,21,2021
002552,宝鼎科技,2015-04-28,2015-06-29,12.938434600830078,18.396066665649414,0.4218154848863398,1.0,True,第1轮-进行中,训练记录6,62,2015
002552,宝鼎科技,2015-08-06,2015-11-03,16.109235763549805,13.17,-0.18245656135968796,1.0,False,第1轮-进行中,训练记录6,89,2015
603583,捷昌驱动,2024-05-14,2024-05-15,21.24949073791504,20.403837203979492,-0.039796414152489044,1.0,True,第1轮-进行中,训练记录7,1,2024
603583,捷昌驱动,2024-05-24,2024-06-03,19.096025466918945,18.66336441040039,-0.022657126074118215,1.0,True,第1轮-进行中,训练记录7,10,2024
603583,捷昌驱动,2024-06-07,2024-07-03,18.225847244262695,18.989803314208984,0.04191607993350072,1.0,True,第1轮-进行中,训练记录7,26,2024
603583,捷昌驱动,2024-07-05,2024-07-12,18.960039138793945,20.269681930541992,0.06907384431862273,1.0,True,第1轮-进行中,训练记录7,7,2024
603583,捷昌驱动,2024-07-19,2024-07-23,17.848827362060547,16.81698989868164,-0.05780981811568076,1.0,True,第1轮-进行中,训练记录7,4,2024
603583,捷昌驱动,2024-07-26,2024-08-05,16.78722381591797,16.231618881225586,-0.033096892064162955,1.0,True,第1轮-进行中,训练记录7,10,2024
603583,捷昌驱动,2024-08-21,2024-08-27,15.97365951538086,15.209701538085938,-0.04782610876107101,1.0,True,第1轮-进行中,训练记录7,6,2024
603583,捷昌驱动,2024-09-10,2024-09-13,15.249387741088867,14.743389129638672,-0.033181568994196546,1.0,True,第1轮-进行中,训练记录7,3,2024
002977,天箭科技,2024-11-25,2024-12-16,29.465726852416992,30.87928581237793,0.04797298797484058,1.0,True,第1轮-进行中,训练记录8,21,2024
002977,天箭科技,2024-12-19,2024-12-23,28.510080337524414,27.584299087524414,-0.03247206738949468,1.0,True,第1轮-进行中,训练记录8,4,2024
002977,天箭科技,2025-01-07,2025-01-16,25.38432502746582,25.752647399902344,0.014509835185217606,1.0,True,第1轮-进行中,训练记录8,9,2025
002977,天箭科技,2025-02-05,2025-02-07,26.120967864990234,26.728200912475586,0.023246958176431975,1.0,True,第1轮-进行中,训练记录8,2,2025
002977,天箭科技,2025-02-20,2025-02-28,27.136341094970703,25.941783905029297,-0.04402056952927964,1.0,True,第1轮-进行中,训练记录8,8,2025
002977,天箭科技,2025-03-20,2025-03-31,28.301034927368164,26.200605392456055,-0.07421741078736718,1.0,True,第1轮-进行中,训练记录8,11,2025
603188,亚邦股份,2021-01-15,2021-01-25,5.050000190734863,5.179999828338623,0.025742501523518268,1.0,True,第1轮-进行中,训练记录9,10,2021
603188,亚邦股份,2021-01-26,2021-02-09,5.079999923706055,4.78000020980835,-0.05905506267780488,1.0,True,第1轮-进行中,训练记录9,14,2021
603188,亚邦股份,2021-04-14,2021-04-21,5.960000038146973,5.809999942779541,-0.025167801075059767,1.0,True,第1轮-进行中,训练记录9,7,2021
603188,亚邦股份,2021-06-16,2021-08-26,5.739999771118164,5.3,-0.07665501544653396,1.0,False,第1轮-进行中,训练记录9,71,2021
002635,安洁科技,2020-10-15,2021-05-24,21.174375534057617,13.0,-0.38605037116252433,0.20000000298023224,False,第1轮-进行中,训练记录10,221,2020
002635,安洁科技,2020-10-16,2021-05-24,21.072710037231445,13.0,-0.3830883651399612,0.20000000298023224,False,第1轮-进行中,训练记录10,220,2020
002635,安洁科技,2020-10-19,2021-05-24,20.813922882080078,13.0,-0.3754180759844912,0.6000000238418579,False,第1轮-进行中,训练记录10,217,2020
000096,广聚能源,2017-09-12,2018-04-23,13.11644172668457,9.8,-0.2528461449981117,1.0,False,第1轮-进行中,训练记录11,223,2017
600926,XD杭州银,2023-08-14,2023-10-09,10.522550582885742,10.200337409973145,-0.030621204466971804,1.0,True,第1轮-进行中,训练记录13,56,2023
600926,XD杭州银,2023-10-24,2023-10-27,9.647972106933594,9.960978507995605,0.032442714136483364,1.0,True,第1轮-进行中,训练记录13,3,2023
600926,XD杭州银,2023-11-20,2023-11-28,9.647972106933594,9.41781997680664,-0.023854974659550728,1.0,True,第1轮-进行中,训练记录13,8,2023
600926,XD杭州银,2024-01-03,2024-01-23,9.04037094116211,9.59273624420166,0.06109984940159392,1.0,True,第1轮-进行中,训练记录13,20,2024
600926,XD杭州银,2024-02-07,2024-03-28,9.841300010681152,9.77,-0.007244978875125039,1.0,False,第1轮-进行中,训练记录13,50,2024
600569,安阳钢铁,2020-01-17,2020-08-13,2.249666452407837,2.07,-0.07986359587464113,0.5,False,第1轮-进行中,训练记录14,209,2020
600569,安阳钢铁,2020-01-21,2020-08-13,2.2127866744995117,2.07,-0.06452798913921848,0.5,False,第1轮-进行中,训练记录14,205,2020
605005,合兴股份,2023-04-20,2023-10-27,15.00151252746582,17.979427337646484,0.19850763746178854,0.5,True,第1轮-进行中,训练记录15,190,2023
605005,合兴股份,2023-04-21,2023-11-29,14.750036239624023,21.973770141601562,0.48974346805819585,0.5,True,第1轮-进行中,训练记录15,222,2023
301016,雷尔伟,2024-12-17,2024-12-23,15.962483406066895,15.182466506958008,-0.04886563570756315,0.5,True,第1轮-进行中,训练记录16,6,2024
301016,雷尔伟,2025-01-07,2025-02-10,13.817438125610352,15.551582336425781,0.12550403302340304,0.5,True,第1轮-进行中,训练记录16,34,2025
301016,雷尔伟,2025-01-20,2025-02-10,14.472095489501953,15.551582336425781,0.07459091516545666,0.5,True,第1轮-进行中,训练记录16,21,2025
301016,雷尔伟,2025-02-25,2025-04-07,15.495866775512695,17.480730056762695,0.12808985195888334,0.5,True,第1轮-进行中,训练记录16,41,2025
301016,雷尔伟,2025-03-07,2025-04-10,15.266039848327637,19.361127853393555,0.2682482192992917,0.5,True,第1轮-进行中,训练记录16,34,2025
301016,雷尔伟,2025-04-22,2025-07-29,17.724485397338867,12.39,-0.30096701132659004,0.5,False,第1轮-进行中,训练记录16,98,2025
301016,雷尔伟,2025-04-28,2025-07-29,17.230010986328125,12.39,-0.2809058560768553,0.5,False,第1轮-进行中,训练记录16,92,2025
688338,赛科希德,2022-12-19,2023-01-12,25.392498016357422,26.70693016052246,0.0517645858756513,0.5,True,第1轮-进行中,训练记录17,24,2022
688338,赛科希德,2022-12-21,2023-02-23,24.83983612060547,37.03570556640625,0.4909802700221481,0.5,True,第1轮-进行中,训练记录17,64,2022
603267,鸿远电子,2021-10-27,2021-11-03,157.859130859375,158.26998901367188,0.002602688562012153,0.5,True,第1轮-进行中,训练记录18,7,2021
603267,鸿远电子,2021-10-28,2021-11-22,156.2254638671875,157.3504638671875,0.007201130802571341,0.5,True,第1轮-进行中,训练记录18,25,2021
603267,鸿远电子,2021-12-07,2022-01-05,167.2796173095703,161.41015625,-0.03508772409915426,1.0,True,第1轮-进行中,训练记录18,29,2021
603267,鸿远电子,2022-01-13,2022-01-20,148.91798400878906,160.5982208251953,0.07843402456829451,1.0,True,第1轮-进行中,训练记录18,7,2022
603267,鸿远电子,2022-02-17,2022-03-01,147.1278076171875,163.44491577148438,0.1109043111466218,0.5,True,第1轮-进行中,训练记录18,12,2022
603267,鸿远电子,2022-02-17,2022-03-09,147.1278076171875,142.23658752441406,-0.033244701813948896,0.5,True,第1轮-进行中,训练记录18,20,2022
603267,鸿远电子,2022-05-30,2022-06-08,121.23370361328125,125.50862884521484,0.035261854620642574,0.5,True,第1轮-进行中,训练记录18,9,2022
688002,睿创微纳,2021-12-27,2022-08-05,72.36914825439453,46.55,-0.3567700999275848,0.5,False,第1轮-进行中,训练记录19,221,2021
688002,睿创微纳,2022-01-10,2022-08-05,69.74329376220703,46.55,-0.33255231451049094,0.5,False,第1轮-进行中,训练记录19,207,2022
688255,凯尔达,2023-02-17,2023-09-21,25.907665252685547,24.67,-0.047772164747931146,0.5,False,第1轮-进行中,训练记录20,216,2023
688255,凯尔达,2023-02-28,2023-09-21,28.994239807128906,24.67,-0.1491413410351145,0.5,False,第1轮-进行中,训练记录20,205,2023
603058,永吉股份,2024-05-31,2024-07-18,7.706768035888672,8.278337478637695,0.07416460961162372,0.5,True,第1轮-进行中,训练记录21,48,2024
603058,永吉股份,2024-05-31,2024-11-11,7.706768035888672,10.476038932800293,0.35932973251767203,0.5,True,第1轮-进行中,训练记录21,164,2024
603058,永吉股份,2024-07-25,2024-12-03,7.539200305938721,11.451700210571289,0.5189542319960174,0.5,True,第1轮-进行中,训练记录21,131,2024
00SIMO,慧荣科技,2016-12-30,2017-03-28,30.75,33.397499084472656,0.0860975312023628,0.5,True,第1轮-进行中,训练记录22,88,2016
00SIMO,慧荣科技,2017-01-10,2017-04-04,30.270000457763672,34.56749725341797,0.1419721417464357,0.5,True,第1轮-进行中,训练记录22,84,2017
00SIMO,慧荣科技,2017-04-24,2017-05-02,33.56749725341797,38.54750061035156,0.14835789869399665,0.5,True,第1轮-进行中,训练记录22,8,2017
00SIMO,慧荣科技,2017-05-17,2017-05-25,36.46500015258789,40.47500228881836,0.10996852103251348,0.5,True,第1轮-进行中,训练记录22,8,2017
00SIMO,慧荣科技,2017-06-22,2017-06-30,38.72500228881836,36.89500045776367,-0.04725633887394478,0.5,True,第1轮-进行中,训练记录22,8,2017
00SIMO,慧荣科技,2017-06-26,2017-06-30,38.625,36.89500045776367,-0.044789632161458336,0.5,True,第1轮-进行中,训练记录22,4,2017
00BAOS,宝盛,2024-05-14,2024-05-20,3.299999952316284,3.559999942779541,0.07878787703641078,0.5,True,第1轮-进行中,训练记录23,6,2024
00BAOS,宝盛,2024-05-24,2024-06-04,3.4600000381469727,2.299999952316284,-0.33526013671720495,1.0,True,第1轮-进行中,训练记录23,11,2024
00BAOS,宝盛,2024-07-24,2024-10-22,2.440000057220459,2.440000057220459,0.0,1.0,False,第1轮-进行中,训练记录23,90,2024
300471,厚普股份,2018-05-07,2018-05-10,7.899571895599365,8.248229026794434,0.0441362058353182,0.5,True,第1轮-进行中,训练记录24,3,2018
300471,厚普股份,2018-05-15,2018-05-21,7.989227294921875,9.393816947937012,0.1758104508940338,0.5,True,第1轮-进行中,训练记录24,6,2018
300471,厚普股份,2018-05-17,2018-05-23,7.7601094245910645,9.66278076171875,0.24518614790382945,0.5,True,第1轮-进行中,训练记录24,6,2018
300471,厚普股份,2018-05-31,2018-11-28,9.373892784118652,6.64,-0.2916496750155328,0.5,False,第1轮-进行中,训练记录24,181,2018
300471,厚普股份,2018-06-01,2018-11-28,9.15473747253418,6.64,-0.27469247262183477,0.5,False,第1轮-进行中,训练记录24,180,2018
002385,大北农,2013-09-18,2013-10-28,4.6315083503723145,5.842410087585449,0.2614486784021006,0.5,True,第1轮-进行中,训练记录25,40,2013
002385,大北农,2013-10-18,2013-11-08,5.6804423332214355,5.726718902587891,0.008146648914260023,0.5,True,第1轮-进行中,训练记录25,21,2013
002385,大北农,2013-11-28,2013-12-26,5.823128700256348,6.143207550048828,0.05496681702714039,0.5,True,第1轮-进行中,训练记录25,28,2013
002385,大北农,2013-12-16,2014-01-17,5.880973815917969,5.622596740722656,-0.04393440326089636,0.5,True,第1轮-进行中,训练记录25,32,2013
002385,大北农,2014-01-13,2014-01-17,6.012090682983398,5.622596740722656,-0.06478510767696245,0.5,True,第1轮-进行中,训练记录25,4,2014
002385,大北农,2014-02-18,2014-02-27,5.429778099060059,4.943874359130859,-0.08948869199890754,0.5,True,第1轮-进行中,训练记录25,9,2014
002385,大北农,2014-02-21,2014-02-27,5.3217997550964355,4.943874359130859,-0.0710145840424858,0.5,True,第1轮-进行中,训练记录25,6,2014
002385,大北农,2014-04-14,2014-04-28,4.897597789764404,4.11,-0.16081308093743868,1.0,False,第1轮-进行中,训练记录25,14,2014
002042,华孚时尚,2011-03-08,2011-03-22,4.901753902435303,5.11727237701416,0.04396762441945177,0.5,True,第1轮-进行中,训练记录26,14,2011
002042,华孚时尚,2011-03-08,2011-03-29,4.901753902435303,4.68968391418457,-0.04326410351718621,0.5,True,第1轮-进行中,训练记录26,21,2011
002042,华孚时尚,2011-04-26,2011-06-09,4.386233806610107,3.895146369934082,-0.11196107146316521,0.5,True,第1轮-进行中,训练记录26,44,2011
002042,华孚时尚,2011-04-28,2011-06-09,4.241405010223389,3.895146369934082,-0.08163772133401373,0.5,True,第1轮-进行中,训练记录26,42,2011
002042,华孚时尚,2011-06-21,2011-06-28,4.009965419769287,4.145660877227783,0.033839558014518566,0.5,True,第1轮-进行中,训练记录26,7,2011
002042,华孚时尚,2011-06-21,2011-07-07,4.009965419769287,4.43792724609375,0.10672456780165591,0.5,True,第1轮-进行中,训练记录26,16,2011
002042,华孚时尚,2011-08-19,2011-08-24,4.561444282531738,4.68322229385376,0.026697248454480967,1.0,True,第1轮-进行中,训练记录26,5,2011
002042,华孚时尚,2011-09-01,2011-10-18,4.6310319900512695,4.6310319900512695,0.0,1.0,False,第1轮-进行中,训练记录26,47,2011
300994,久祺股份,2023-07-25,2023-08-07,15.540586471557617,14.785344123840332,-0.04859805960988215,0.5,True,第1轮-进行中,训练记录27,13,2023
300994,久祺股份,2023-07-28,2023-08-07,15.405030250549316,14.785344123840332,-0.04022621939913993,0.5,True,第1轮-进行中,训练记录27,10,2023
300994,久祺股份,2023-08-15,2024-03-08,14.446452140808105,9.01,-0.37631745758886387,1.0,False,第1轮-进行中,训练记录27,206,2023
601996,丰林集团,2020-02-25,2020-02-26,2.284785509109497,2.3196678161621094,0.0152672130112589,0.5,True,第1轮-进行中,训练记录28,1,2020
601996,丰林集团,2020-02-25,2020-03-02,2.284785509109497,2.328388214111328,0.01908393800117603,0.5,True,第1轮-进行中,训练记录28,6,2020
601996,丰林集团,2020-03-18,2020-03-19,2.4155938625335693,2.4504759311676025,0.014440369788590009,0.5,True,第1轮-进行中,训练记录28,1,2020
601996,丰林集团,2020-03-25,2020-05-13,2.389432191848755,2.2150211334228516,-0.07299267960852145,0.5,True,第1轮-进行中,训练记录28,49,2020
601996,丰林集团,2020-03-31,2020-05-13,2.424314260482788,2.2150211334228516,-0.08633085671750206,0.5,True,第1轮-进行中,训练记录28,43,2020
601996,丰林集团,2020-06-10,2020-07-10,2.2612290382385254,2.4399824142456055,0.07905142424065417,0.5,True,第1轮-进行中,训练记录28,30,2020
601996,丰林集团,2020-06-10,2020-07-16,2.2612290382385254,2.4667952060699463,0.09090904298290582,0.5,True,第1轮-进行中,训练记录28,36,2020
601996,丰林集团,2020-08-27,2020-09-09,2.5651094913482666,2.663424015045166,0.03832761292588083,0.5,True,第1轮-进行中,训练记录28,13,2020
601996,丰林集团,2020-08-31,2020-09-10,2.5829849243164062,2.5382964611053467,-0.017301093316635013,0.5,True,第1轮-进行中,训练记录28,10,2020
000nan,,2019-04-12,2019-11-11,8.145556449890137,7.974968910217285,-0.020942404699086255,0.5,False,第1轮-进行中,训练记录29,213,2019
000nan,,2019-04-15,2019-11-11,7.974968910217285,7.974968910217285,0.0,0.5,False,第1轮-进行中,训练记录29,210,2019
002681,奋达科技,2016-04-27,2016-07-04,11.337871551513672,11.709024429321289,0.032735674956386865,0.5,True,第1轮-进行中,训练记录30,68,2016
002681,奋达科技,2016-04-27,2016-07-07,11.337871551513672,11.263303756713867,-0.006576877720038154,0.5,True,第1轮-进行中,训练记录30,71,2016
002681,奋达科技,2016-07-22,2016-12-06,11.829298973083496,9.71,-0.17915676811498035,1.0,False,第1轮-进行中,训练记录30,137,2016
300447,全信股份,2023-08-24,2023-12-29,15.051125526428223,14.34,-0.04724733211343961,0.5,False,第1轮-进行中,训练记录31,127,2023
300447,全信股份,2023-09-21,2023-12-29,15.090811729431152,14.34,-0.04975290546941667,0.5,False,第1轮-进行中,训练记录31,99,2023
605003,众望布艺,2023-03-15,2023-03-22,18.060827255249023,18.75331687927246,0.038342076707598156,0.5,True,第1轮-进行中,训练记录32,7,2023
605003,众望布艺,2023-03-15,2023-03-23,18.060827255249023,18.622304916381836,0.0310881474695258,0.5,True,第1轮-进行中,训练记录32,8,2023
605003,众望布艺,2023-04-10,2023-04-19,18.03275489807129,17.83623695373535,-0.010897832607759575,0.5,True,第1轮-进行中,训练记录32,9,2023
605003,众望布艺,2023-05-30,2023-06-30,17.920459747314453,18.39093017578125,0.026253256618447036,0.5,True,第1轮-进行中,训练记录32,31,2023
605003,众望布艺,2023-06-16,2023-06-30,17.797983169555664,18.39093017578125,0.033315404367830356,0.5,True,第1轮-进行中,训练记录32,14,2023
605003,众望布艺,2023-08-08,2023-10-27,18.17096710205078,18.33,0.008752032682468977,0.5,False,第1轮-进行中,训练记录32,80,2023
605003,众望布艺,2023-08-18,2023-10-27,18.352676391601562,18.33,-0.0012355904456497274,0.5,False,第1轮-进行中,训练记录32,70,2023
002103,广博股份,2023-04-19,2023-05-10,5.599999904632568,5.860000133514404,0.046428613091002414,0.5,True,第1轮-进行中,训练记录33,21,2023
002103,广博股份,2023-04-19,2023-05-30,5.599999904632568,6.090000152587891,0.08750004576785302,0.5,True,第1轮-进行中,训练记录33,41,2023
002103,广博股份,2023-06-01,2023-06-08,6.0,6.489999771118164,0.08166662851969402,0.5,True,第1轮-进行中,训练记录33,7,2023
002103,广博股份,2023-06-01,2023-06-09,6.0,6.269999980926514,0.04499999682108561,0.5,True,第1轮-进行中,训练记录33,8,2023
002103,广博股份,2023-06-21,2023-07-21,6.0,6.320000171661377,0.05333336194356283,0.5,True,第1轮-进行中,训练记录33,30,2023
002103,广博股份,2023-07-11,2023-07-21,5.949999809265137,6.320000171661377,0.062184936849928686,0.5,True,第1轮-进行中,训练记录33,10,2023
002103,广博股份,2023-07-28,2023-08-25,6.210000038146973,5.650000095367432,-0.09017712388720721,0.5,True,第1轮-进行中,训练记录33,28,2023
002103,广博股份,2023-08-10,2023-08-25,6.159999847412109,5.650000095367432,-0.0827921695905455,0.5,True,第1轮-进行中,训练记录33,15,2023
002103,广博股份,2023-09-18,2023-11-22,5.829999923706055,9.9399995803833,0.7049742213486296,0.5,True,第1轮-进行中,训练记录33,65,2023
002103,广博股份,2023-09-18,2023-11-30,5.829999923706055,7.33,0.2572898963848382,0.5,False,第1轮-进行中,训练记录33,73,2023
002103,广博股份,2023-11-24,2023-11-30,8.449999809265137,7.33,-0.1325443591178659,0.5,False,第1轮-进行中,训练记录33,6,2023
605007,五洲特纸,2025-02-17,2025-03-10,12.058174133300781,12.234206199645996,0.014598567278861163,0.5,True,第1轮-进行中,训练记录34,21,2025
605007,五洲特纸,2025-02-18,2025-03-17,11.843024253845215,12.312442779541016,0.039636710660572116,0.5,True,第1轮-进行中,训练记录34,27,2025
605007,五洲特纸,2025-03-13,2025-03-20,12.126630783081055,12.517813682556152,0.03225816852780509,0.5,True,第1轮-进行中,训练记录34,7,2025
605007,五洲特纸,2025-04-16,2025-06-12,11.158456802368164,11.5600004196167,0.03598558692841069,0.5,True,第1轮-进行中,训练记录34,57,2025
605007,五洲特纸,2025-04-28,2025-06-16,11.070440292358398,11.75,0.06138506596803397,0.5,True,第1轮-进行中,训练记录34,49,2025
605007,五洲特纸,2025-06-20,2025-07-01,11.170000076293945,11.5,0.029543412842620517,0.5,True,第1轮-进行中,训练记录34,11,2025
605007,五洲特纸,2025-06-23,2025-07-04,11.210000038146973,11.470000267028809,0.023193597501968814,0.5,True,第1轮-进行中,训练记录34,11,2025
605007,五洲特纸,2025-09-03,2025-09-09,11.829999923706055,12.229999542236328,0.03381230947674961,0.5,True,第1轮-进行中,训练记录34,6,2025
605007,五洲特纸,2025-09-17,2025-09-22,12.0600004196167,11.52,-0.04477615263912755,0.5,False,第1轮-进行中,训练记录34,5,2025
605007,五洲特纸,2025-09-18,2025-09-22,11.800000190734863,11.52,-0.023728829339741415,0.5,False,第1轮-进行中,训练记录34,4,2025
601012,隆基绿能,2024-09-04,2024-10-08,13.670000076293945,19.280000686645508,0.4103877526731135,0.5,True,第1轮-进行中,训练记录35,34,2024
601012,隆基绿能,2024-09-11,2024-10-08,13.359999656677246,19.280000686645508,0.4431138609355788,0.5,True,第1轮-进行中,训练记录35,27,2024
601012,隆基绿能,2024-10-14,2024-10-22,16.75,18.3799991607666,0.09731338273233442,1.0,True,第1轮-进行中,训练记录35,8,2024
601012,隆基绿能,2024-11-19,2025-04-23,18.639999389648438,14.9,-0.20064375064976736,1.0,False,第1轮-进行中,训练记录35,155,2024
301131,聚赛龙,2023-12-28,2024-01-02,47.97775650024414,50.629547119140625,0.055271250936524935,0.5,True,第1轮-进行中,训练记录36,5,2023
301131,聚赛龙,2023-12-28,2024-01-03,47.97775650024414,47.997398376464844,0.0004093954710158899,0.5,True,第1轮-进行中,训练记录36,6,2023
301131,聚赛龙,2024-01-05,2024-01-12,44.00007247924805,44.35364532470703,0.008035733250797292,0.5,True,第1轮-进行中,训练记录36,7,2024
301131,聚赛龙,2024-01-08,2024-01-12,43.31256866455078,44.35364532470703,0.024036363860551184,0.5,True,第1轮-进行中,训练记录36,4,2024
301131,聚赛龙,2024-01-18,2024-03-22,41.67238998413086,39.60006332397461,-0.0497290090860017,0.5,True,第1轮-进行中,训练记录36,64,2024
301131,聚赛龙,2024-01-19,2024-03-26,40.20899200439453,37.242916107177734,-0.07376648230556558,0.5,True,第1轮-进行中,训练记录36,67,2024
301131,聚赛龙,2024-04-23,2024-05-06,32.27326965332031,38.686668395996094,0.1987216917148016,0.5,True,第1轮-进行中,训练记录36,13,2024
301131,聚赛龙,2024-04-25,2024-05-27,34.85630798339844,42.48756790161133,0.21893483159052735,0.5,True,第1轮-进行中,训练记录36,32,2024
301131,聚赛龙,2024-06-04,2024-06-13,38.771636962890625,36.46238708496094,-0.0595602883659499,1.0,True,第1轮-进行中,训练记录36,9,2024
301131,聚赛龙,2024-06-25,2024-07-30,34.767616271972656,33.41972732543945,-0.03876851769155603,0.5,True,第1轮-进行中,训练记录36,35,2024
301131,聚赛龙,2024-06-27,2024-07-30,35.13431930541992,33.41972732543945,-0.04880105873336134,0.5,True,第1轮-进行中,训练记录36,33,2024
002090,金智科技,2014-12-03,2014-12-04,9.157692909240723,9.4125337600708,0.027828062521394085,0.5,True,第1轮-进行中,训练记录37,1,2014
002090,金智科技,2014-12-03,2014-12-08,9.157692909240723,8.686788558959961,-0.051421723238348364,0.5,True,第1轮-进行中,训练记录37,5,2014
002090,金智科技,2014-12-30,2015-01-06,7.800381660461426,8.310065269470215,0.06534085525484905,0.5,True,第1轮-进行中,训练记录37,7,2014
002090,金智科技,2015-01-30,2015-02-09,8.587067604064941,9.002571105957031,0.04838712364339592,0.5,True,第1轮-进行中,训练记录37,10,2015
002090,金智科技,2015-02-04,2015-02-10,8.575987815856934,8.864069938659668,0.03359171316335977,0.5,True,第1轮-进行中,训练记录37,6,2015
688390,固德威,2025-03-17,2025-09-15,41.61000061035156,54.66999816894531,0.31386679565067677,0.5,True,第1轮-进行中,训练记录38,182,2025
688390,固德威,2025-03-24,2025-09-17,43.47999954223633,54.72999954223633,0.2587396531380316,0.5,True,第1轮-进行中,训练记录38,177,2025
300558,贝达药业,2018-12-03,2018-12-06,39.079566955566406,37.417022705078125,-0.04254254537617061,1.0,True,第1轮-进行中,训练记录39,3,2018
300558,贝达药业,2018-12-17,2019-03-04,31.51010513305664,43.832489013671875,0.39106133821457995,1.0,True,第1轮-进行中,训练记录39,77,2018
300558,贝达药业,2019-03-08,2019-03-12,42.688270568847656,46.3165283203125,0.08499425493504564,0.5,True,第1轮-进行中,训练记录39,4,2019
603090,宏盛股份,2020-01-13,2020-03-02,15.589754104614258,16.505687713623047,0.05875228068784554,0.5,True,第1轮-进行中,训练记录40,49,2020
603090,宏盛股份,2020-01-13,2020-06-04,15.589754104614258,16.23737907409668,0.04154170522104244,0.5,True,第1轮-进行中,训练记录40,143,2020
603090,宏盛股份,2020-03-05,2020-06-04,16.194080352783203,16.23737907409668,0.0026737375862183497,0.5,True,第1轮-进行中,训练记录40,91,2020
600007,中国国贸,2004-11-25,2004-12-03,2.8689568042755127,2.9031693935394287,0.011925097377879692,0.5,True,第1轮-进行中,训练记录41,8,2004
600007,中国国贸,2004-11-26,2005-07-07,2.8982818126678467,2.834744691848755,-0.021922340519608185,0.5,False,第1轮-进行中,训练记录41,223,2004
600007,中国国贸,2004-12-09,2005-07-07,2.834744691848755,2.834744691848755,0.0,0.5,False,第1轮-进行中,训练记录41,210,2004
600277,ST亿利,2014-04-28,2014-07-07,4.546983242034912,4.6029462814331055,0.012307729415151354,0.5,True,第1轮-进行中,训练记录42,70,2014
600277,ST亿利,2014-05-08,2014-07-07,4.532992839813232,4.6029462814331055,0.015432065324584817,0.5,True,第1轮-进行中,训练记录42,60,2014
600277,ST亿利,2014-07-23,2014-07-29,4.700881004333496,5.01567268371582,0.06696440073512482,0.5,True,第1轮-进行中,训练记录42,6,2014
600277,ST亿利,2014-07-23,2014-07-31,4.700881004333496,5.2185378074646,0.11011910377095332,0.5,True,第1轮-进行中,训练记录42,8,2014
600277,ST亿利,2014-08-07,2014-08-11,5.008677005767822,5.267505645751953,0.05167604932122247,0.5,True,第1轮-进行中,训练记录42,4,2014
600277,ST亿利,2014-08-27,2014-09-16,5.631031513214111,5.265926837921143,-0.06483797407920601,1.0,True,第1轮-进行中,训练记录42,20,2014
600277,ST亿利,2014-10-23,2014-10-28,5.223799705505371,5.476563930511475,0.04838704377193384,0.5,True,第1轮-进行中,训练记录42,5,2014
600277,ST亿利,2014-10-23,2014-10-31,5.223799705505371,5.6935200691223145,0.08991929057346978,0.5,True,第1轮-进行中,训练记录42,8,2014
600277,ST亿利,2014-11-14,2014-11-25,5.5046491622924805,5.637350559234619,0.024107148889916448,0.5,True,第1轮-进行中,训练记录42,11,2014
003002,壶化股份,2023-01-20,2023-02-01,18.423513412475586,19.167409896850586,0.04037755816278052,0.5,True,第1轮-进行中,训练记录43,12,2023
003002,壶化股份,2023-03-10,2023-09-04,19.505544662475586,15.49,-0.20586683078892012,0.5,False,第1轮-进行中,训练记录43,178,2023
003002,壶化股份,2023-03-17,2023-09-04,19.727746963500977,15.49,-0.21481150236473462,0.5,False,第1轮-进行中,训练记录43,171,2023
300263,隆华科技,2019-09-24,2020-01-17,4.659172058105469,5.369234085083008,0.15240090259003386,0.5,True,第1轮-进行中,训练记录44,115,2019
300263,隆华科技,2019-09-27,2020-03-20,4.357639312744141,7.061709880828857,0.6205356556648741,0.5,True,第1轮-进行中,训练记录44,175,2019
300815,玉禾田,2021-12-31,2022-08-16,19.66276741027832,13.52,-0.31240604550239004,1.0,False,第1轮-进行中,训练记录45,228,2021
600509,天富能源,2011-10-10,2011-10-20,8.01568603515625,7.550527572631836,-0.058031023231730997,0.5,True,第1轮-进行中,训练记录46,10,2011
600509,天富能源,2011-11-08,2011-12-15,8.14028263092041,6.910933494567871,-0.15102044880885646,0.5,True,第1轮-进行中,训练记录46,37,2011
600509,天富能源,2011-11-22,2011-12-15,8.530684471130371,6.910933494567871,-0.1898735068732266,0.5,True,第1轮-进行中,训练记录46,23,2011
600509,天富能源,2012-02-21,2012-05-11,7.118593692779541,7.118593692779541,0.0,1.0,False,第1轮-进行中,训练记录46,80,2012
300097,ST智云,2013-08-22,2013-09-13,8.937036514282227,7.006194591522217,-0.21604946110204903,1.0,True,第1轮-进行中,训练记录47,22,2013
300097,ST智云,2013-10-16,2013-10-25,6.995161533355713,6.509693145751953,-0.06940059715402616,1.0,True,第1轮-进行中,训练记录47,9,2013
300097,ST智云,2013-11-12,2013-11-22,5.946990489959717,6.647610187530518,0.11781079837838224,0.5,True,第1轮-进行中,训练记录47,10,2013
300097,ST智云,2013-11-12,2013-12-03,5.946990489959717,6.344192028045654,0.06679034357908113,0.5,True,第1轮-进行中,训练记录47,21,2013
300856,科思股份,2023-02-28,2023-07-25,19.405622482299805,25.500152587890625,0.3140600159129007,1.0,True,第1轮-进行中,训练记录48,147,2023
300856,科思股份,2023-09-14,2023-09-26,22.730674743652344,23.37654685974121,0.028414119834662202,0.5,True,第1轮-进行中,训练记录48,12,2023
300856,科思股份,2023-09-14,2023-09-27,22.730674743652344,24.42482566833496,0.07453148416351861,0.5,True,第1轮-进行中,训练记录48,13,2023
300334,津膜科技,2013-09-02,2013-10-10,16.958404541015625,18.518178939819336,0.09197648251822499,0.5,True,第1轮-进行中,训练记录49,38,2013
300334,津膜科技,2013-09-02,2013-10-23,16.958404541015625,21.086830139160156,0.24344422189950207,0.5,True,第1轮-进行中,训练记录49,51,2013
300334,津膜科技,2014-01-21,2014-01-24,19.414220809936523,22.049245834350586,0.13572654036495826,0.5,True,第1轮-进行中,训练记录49,3,2014
300334,津膜科技,2014-02-26,2014-03-04,22.699703216552734,23.894424438476562,0.05263157894736842,1.0,True,第1轮-进行中,训练记录49,6,2014
688357,建龙微纳,2021-05-17,2021-06-08,44.96335220336914,47.949642181396484,0.06641608847401681,0.5,True,第1轮-进行中,训练记录50,22,2021
688357,建龙微纳,2021-05-21,2021-06-15,41.84747314453125,52.17552185058594,0.24680220644109277,0.5,True,第1轮-进行中,训练记录50,25,2021
688357,建龙微纳,2021-09-24,2021-10-18,81.27774810791016,105.81037902832031,0.30183699095401706,0.5,True,第1轮-进行中,训练记录50,24,2021
600173,卧龙新能,2021-09-06,2021-11-16,5.22774600982666,4.607186317443848,-0.11870501956604981,1.0,True,第1轮-进行中,训练记录51,71,2021
000839,国安股份,2021-04-30,2021-10-19,2.0,2.049999952316284,0.02499997615814209,0.5,False,第1轮-进行中,训练记录52,172,2021
000839,国安股份,2021-05-07,2021-10-19,2.049999952316284,2.049999952316284,0.0,0.5,False,第1轮-进行中,训练记录52,165,2021
000523,红棉股份,2019-08-15,2019-11-21,5.412457466125488,5.681818008422852,0.049766773038529805,0.5,True,第1轮-进行中,训练记录53,98,2019
000523,红棉股份,2019-08-15,2019-12-13,5.412457466125488,6.818181991577148,0.25972019812618485,0.5,True,第1轮-进行中,训练记录53,120,2019
000523,红棉股份,2020-01-09,2020-02-07,7.236842155456543,7.605661869049072,0.05096417825203512,0.5,True,第1轮-进行中,训练记录53,29,2020
000523,红棉股份,2020-01-09,2020-02-11,7.236842155456543,7.167065143585205,-0.009641914300801266,0.5,True,第1轮-进行中,训练记录53,33,2020
000523,红棉股份,2020-02-21,2020-03-31,7.127192974090576,6.65,-0.06695384505868038,0.5,False,第1轮-进行中,训练记录53,39,2020
000523,红棉股份,2020-02-27,2020-03-31,7.196969509124756,6.65,-0.07599997588308166,0.5,False,第1轮-进行中,训练记录53,33,2020
000636,风华高科,2009-07-03,2009-08-04,5.621774673461914,7.489769458770752,0.33227848745465965,0.5,True,第1轮-进行中,训练记录54,32,2009
000636,风华高科,2009-07-06,2009-08-07,5.603984355926514,7.284289836883545,0.29984121550589593,0.5,True,第1轮-进行中,训练记录54,32,2009
000636,风华高科,2009-08-13,2009-09-09,6.831523418426514,7.107275009155273,0.040364582515370034,0.5,True,第1轮-进行中,训练记录54,27,2009
000636,风华高科,2009-08-14,2009-09-10,6.315601348876953,6.884894847869873,0.09014082231364275,0.5,True,第1轮-进行中,训练记录54,27,2009
000636,风华高科,2009-09-25,2009-11-10,7.062798976898193,8.156909942626953,0.15491180894536322,0.5,True,第1轮-进行中,训练记录54,46,2009
000636,风华高科,2009-09-28,2010-02-09,6.733676433563232,7.827787399291992,0.16248344816143676,0.5,False,第1轮-进行中,训练记录54,134,2009
000636,风华高科,2009-11-26,2010-02-09,7.827787399291992,7.827787399291992,0.0,0.5,False,第1轮-进行中,训练记录54,75,2009
002308,*ST威创,2023-07-14,2024-02-01,4.800000190734863,4.800000190734863,0.0,1.0,False,第1轮-进行中,训练记录56,202,2023
603611,诺力股份,2021-05-11,2021-09-16,10.76096248626709,16.767805099487305,0.558206816619426,0.5,True,第1轮-进行中,训练记录57,128,2021
603611,诺力股份,2021-06-17,2021-09-16,11.901716232299805,16.767805099487305,0.40885606514306977,0.5,True,第1轮-进行中,训练记录57,91,2021
001205,盛航股份,2024-08-16,2024-10-11,14.930110931396484,16.209693908691406,0.08570485398096345,0.5,True,第1轮-进行中,训练记录59,56,2024
001205,盛航股份,2024-09-12,2024-10-11,14.880475997924805,16.209693908691406,0.08932630320105157,0.5,True,第1轮-进行中,训练记录59,29,2024
300661,圣邦股份,2022-12-23,2023-05-31,97.03817749023438,63.63,-0.3442786989027743,0.5,False,第1轮-进行中,训练记录60,159,2022
300661,圣邦股份,2023-01-04,2023-05-31,98.22027587890625,63.63,-0.35217042071386445,0.5,False,第1轮-进行中,训练记录60,147,2023
300313,*ST天山,2024-11-19,2025-05-26,6.539999961853027,5.71,-0.12691130989209629,0.5,False,第1轮-进行中,训练记录61,188,2024
300313,*ST天山,2024-11-22,2025-05-26,6.510000228881836,5.71,-0.12288789566129475,0.5,False,第1轮-进行中,训练记录61,185,2024
000159,国际实业,2002-08-09,2002-12-26,3.6164181232452393,3.5107836723327637,-0.02920968961898774,0.5,False,第1轮-进行中,训练记录62,139,2002
000159,国际实业,2002-09-20,2002-12-26,3.5107836723327637,3.5107836723327637,0.0,0.5,False,第1轮-进行中,训练记录62,97,2002
301069,凯盛新材,2024-06-05,2024-10-08,14.866390228271484,16.605438232421875,0.1169784983070897,0.5,True,第1轮-进行中,训练记录63,125,2024
301069,凯盛新材,2024-06-06,2024-10-09,13.991896629333496,14.608016967773438,0.04403408306692803,0.5,True,第1轮-进行中,训练记录63,125,2024
301069,凯盛新材,2024-10-14,2024-10-28,13.832898139953613,14.27014446258545,0.03160916231783242,0.5,True,第1轮-进行中,训练记录63,14,2024
301069,凯盛新材,2024-10-17,2024-11-13,13.256526947021484,15.214200019836426,0.14767616590971416,0.5,True,第1轮-进行中,训练记录63,27,2024
301069,凯盛新材,2024-12-30,2025-01-14,15.552555084228516,15.51,-0.002736211767008622,1.0,False,第1轮-进行中,训练记录63,15,2024
601009,南京银行,2017-10-23,2017-10-30,5.316781044006348,5.404384136199951,0.016476716168772686,0.5,True,第1轮-进行中,训练记录65,7,2017
601009,南京银行,2017-11-29,2018-01-17,5.498724460601807,6.058030605316162,0.10171561581631648,0.5,True,第1轮-进行中,训练记录65,49,2017
601009,南京银行,2017-11-29,2018-01-18,5.498724460601807,6.091723918914795,0.10784309389601376,0.5,True,第1轮-进行中,训练记录65,50,2017
601009,南京银行,2018-02-12,2018-02-23,5.983906269073486,6.361268997192383,0.06306294102051922,0.5,True,第1轮-进行中,训练记录65,11,2018
601009,南京银行,2018-02-13,2018-02-23,6.105201721191406,6.361268997192383,0.0419424758910351,0.5,True,第1轮-进行中,训练记录65,10,2018
601009,南京银行,2018-03-27,2018-05-04,5.384167671203613,5.6941447257995605,0.05757195420451178,0.5,True,第1轮-进行中,训练记录65,38,2018
601009,南京银行,2018-03-28,2018-05-08,5.3504743576049805,5.788486003875732,0.08186407727534985,0.5,True,第1轮-进行中,训练记录65,41,2018
601009,南京银行,2018-05-23,2018-05-29,5.653713226318359,5.26,-0.06963799021245046,0.5,False,第1轮-进行中,训练记录65,6,2018
601009,南京银行,2018-05-24,2018-05-29,5.586326599121094,5.26,-0.0584152382305101,0.5,False,第1轮-进行中,训练记录65,5,2018
600707,彩虹股份,2009-03-02,2009-03-04,3.6700000762939453,3.9000000953674316,0.0626703036218315,0.5,True,第1轮-进行中,训练记录67,2,2009
600707,彩虹股份,2009-03-03,2009-03-05,3.690000057220459,4.289999961853027,0.1626015976499811,0.5,True,第1轮-进行中,训练记录67,2,2009
600707,彩虹股份,2009-03-13,2009-05-26,4.159999847412109,5.869999885559082,0.41105771655514484,0.5,True,第1轮-进行中,训练记录67,74,2009
600707,彩虹股份,2009-03-18,2009-05-27,4.269999980926514,5.929999828338623,0.3887587482030665,0.5,True,第1轮-进行中,训练记录67,70,2009
600707,彩虹股份,2009-06-08,2009-06-12,5.46999979019165,5.269999980926514,-0.03656303783114577,0.5,True,第1轮-进行中,训练记录67,4,2009
600707,彩虹股份,2009-07-06,2009-07-09,5.599999904632568,6.28000020980835,0.12142862799216386,0.5,True,第1轮-进行中,训练记录67,3,2009
600707,彩虹股份,2009-08-07,2009-08-27,7.190000057220459,7.480000019073486,0.04033379131364524,0.5,True,第1轮-进行中,训练记录67,20,2009
600707,彩虹股份,2009-08-10,2009-08-27,7.210000038146973,7.480000019073486,0.03744798606074707,0.5,True,第1轮-进行中,训练记录67,17,2009
600707,彩虹股份,2009-09-01,2009-09-03,6.78000020980835,7.119999885559082,0.05014744324917111,0.5,True,第1轮-进行中,训练记录67,2,2009
300472,*ST新元,2018-05-28,2018-12-28,16.750648498535156,8.42,-0.4973328942615966,0.5,False,第1轮-进行中,训练记录68,214,2018
300472,*ST新元,2018-05-29,2018-12-28,16.75682258605957,8.42,-0.49751810304390204,0.5,False,第1轮-进行中,训练记录68,213,2018
688362,甬矽电子,2023-12-13,2023-12-26,28.969999313354492,24.520000457763672,-0.15360714397875305,0.5,True,第1轮-进行中,训练记录69,13,2023
688362,甬矽电子,2023-12-14,2023-12-26,28.75,24.520000457763672,-0.14713041886039402,0.5,True,第1轮-进行中,训练记录69,12,2023
688362,甬矽电子,2024-01-17,2024-07-18,23.299999237060547,18.86,-0.19055791340964368,0.5,False,第1轮-进行中,训练记录69,183,2024
688362,甬矽电子,2024-01-18,2024-07-18,23.81999969482422,18.86,-0.20822836936903755,0.5,False,第1轮-进行中,训练记录69,182,2024
301226,祥明智能,2024-09-05,2024-09-12,18.226945877075195,17.5197811126709,-0.03879776508766222,1.0,True,第1轮-进行中,训练记录70,7,2024
301226,祥明智能,2024-09-25,2024-10-09,17.62934112548828,23.007783889770508,0.3050847292588911,1.0,True,第1轮-进行中,训练记录70,14,2024
301226,祥明智能,2024-10-17,2024-10-22,20.88628578186035,25.139240264892578,0.20362425983493432,1.0,True,第1轮-进行中,训练记录70,5,2024
301226,祥明智能,2024-10-30,2024-11-04,23.625308990478516,27.00177764892578,0.1429174390823016,0.5,True,第1轮-进行中,训练记录70,5,2024
301226,祥明智能,2024-11-27,2025-01-03,23.784669876098633,20.89624786376953,-0.12144049202178313,0.5,True,第1轮-进行中,训练记录70,37,2024
301226,祥明智能,2024-12-17,2025-01-03,24.561555862426758,20.89624786376953,-0.14922947142221807,0.5,True,第1轮-进行中,训练记录70,17,2024
301226,祥明智能,2025-03-24,2025-04-24,28.67506980895996,25.58,-0.10793591191163765,1.0,False,第1轮-进行中,训练记录70,31,2025
600354,敦煌种业,2011-11-25,2011-12-14,10.227272987365723,8.781818389892578,-0.14133333482530377,1.0,True,第1轮-进行中,训练记录71,19,2011
600354,敦煌种业,2012-01-16,2012-01-18,8.109090805053711,8.145454406738281,0.0044843007137012145,1.0,True,第1轮-进行中,训练记录71,2,2012
600354,敦煌种业,2012-01-31,2012-03-15,7.922727584838867,8.25,0.04130804847908814,0.5,True,第1轮-进行中,训练记录71,44,2012
600354,敦煌种业,2012-02-02,2012-03-15,7.918181896209717,8.25,0.041905845071470035,0.5,True,第1轮-进行中,训练记录71,42,2012
600354,敦煌种业,2012-04-25,2012-05-16,7.3681817054748535,7.25,-0.016039466750262115,1.0,True,第1轮-进行中,训练记录71,21,2012
300103,达刚控股,2017-02-03,2017-02-13,12.829127311706543,14.643882751464844,0.141455875810223,0.5,True,第1轮-进行中,训练记录72,10,2017
300103,达刚控股,2017-02-06,2017-02-13,13.345736503601074,14.643882751464844,0.09727048391173401,0.5,True,第1轮-进行中,训练记录72,7,2017
300103,达刚控股,2017-02-24,2017-03-09,15.100882530212402,14.418694496154785,-0.04517537519365246,1.0,True,第1轮-进行中,训练记录72,13,2017
300103,达刚控股,2017-03-15,2017-03-16,14.365708351135254,14.816085815429688,0.031350870648772594,1.0,True,第1轮-进行中,训练记录72,1,2017
300103,达刚控股,2017-04-05,2017-05-22,16.2731876373291,12.61718463897705,-0.22466421944066675,1.0,True,第1轮-进行中,训练记录72,47,2017
300103,达刚控股,2017-05-26,2017-06-14,11.921749114990234,12.292648315429688,0.03111113955359871,1.0,True,第1轮-进行中,训练记录72,19,2017
300103,达刚控股,2017-06-22,2017-07-06,12.656242370605469,12.503518104553223,-0.012067109777144687,1.0,True,第1轮-进行中,训练记录72,14,2017
300103,达刚控股,2017-07-18,2017-08-04,11.739893913269043,11.72661304473877,-0.0011312596713725586,1.0,True,第1轮-进行中,训练记录72,17,2017
300103,达刚控股,2017-08-11,2017-09-08,11.733253479003906,12.87,0.09688246512616866,1.0,False,第1轮-进行中,训练记录72,28,2017
603329,上海雅仕,2021-10-26,2021-11-01,9.622538566589355,9.7981595993042,0.01825100845265736,0.5,True,第1轮-进行中,训练记录73,6,2021
603329,上海雅仕,2021-10-27,2021-11-02,9.54936408996582,9.102994918823242,-0.04674333986402395,0.5,True,第1轮-进行中,训练记录73,6,2021
603329,上海雅仕,2021-11-09,2021-12-03,9.344473838806152,10.127448081970215,0.08379008349432066,0.5,True,第1轮-进行中,训练记录73,24,2021
603329,上海雅仕,2021-11-10,2021-12-09,9.410330772399902,9.805477142333984,0.041990699316652016,0.5,True,第1轮-进行中,训练记录73,29,2021
603329,上海雅仕,2022-01-21,2022-01-25,10.551864624023438,10.068907737731934,-0.04576981448302091,1.0,True,第1轮-进行中,训练记录73,4,2022
603329,上海雅仕,2022-03-18,2022-04-11,9.695714950561523,9.7981595993042,0.010565971593125553,0.5,True,第1轮-进行中,训练记录73,24,2022
603329,上海雅仕,2022-03-21,2022-04-11,9.790842056274414,9.7981595993042,0.0007473864850159384,0.5,True,第1轮-进行中,训练记录73,21,2022
300140,节能环境,2022-04-18,2022-04-19,5.735617160797119,5.9222211837768555,0.03253425355080754,0.5,True,第1轮-进行中,训练记录74,1,2022
300140,节能环境,2022-04-18,2022-04-25,5.735617160797119,5.411515235900879,-0.05650689643504685,0.5,True,第1轮-进行中,训练记录74,7,2022
300140,节能环境,2022-06-20,2022-07-12,6.815955638885498,6.491854190826416,-0.04755040455516771,1.0,True,第1轮-进行中,训练记录74,22,2022
300140,节能环境,2022-08-01,2022-11-25,7.14005708694458,7.3,0.022400789112438813,1.0,False,第1轮-进行中,训练记录74,116,2022
600737,中粮糖业,2005-02-28,2005-05-10,1.5322492122650146,1.6333619356155396,0.06598973753170163,0.5,True,第1轮-进行中,训练记录75,71,2005
600737,中粮糖业,2005-02-28,2005-05-17,1.5322492122650146,1.602250337600708,0.04568520889119316,0.5,False,第1轮-进行中,训练记录75,78,2005
600737,中粮糖业,2005-05-12,2005-05-17,1.602250337600708,1.602250337600708,0.0,0.5,False,第1轮-进行中,训练记录75,5,2005
688221,前沿生物,2024-05-17,2024-06-03,6.599999904632568,6.059999942779541,-0.0818181772205783,1.0,True,第1轮-进行中,训练记录76,17,2024
688221,前沿生物,2024-07-02,2024-07-04,5.519999980926514,5.190000057220459,-0.05978259508085457,0.5,True,第1轮-进行中,训练记录76,2,2024
688221,前沿生物,2024-07-17,2024-07-24,5.239999771118164,5.079999923706055,-0.03053432335894301,1.0,True,第1轮-进行中,训练记录76,7,2024
688221,前沿生物,2024-08-07,2024-09-03,5.480000019073486,4.929999828338623,-0.1003649979599549,1.0,True,第1轮-进行中,训练记录76,27,2024
688221,前沿生物,2024-10-18,2024-11-06,5.75,7.71999979019165,0.34260865916376526,1.0,True,第1轮-进行中,训练记录76,19,2024
002698,博实股份,2019-01-10,2019-02-21,5.525386333465576,6.1691203117370605,0.11650479069175389,0.5,True,第1轮-进行中,训练记录77,42,2019
002698,博实股份,2019-01-11,2019-03-06,5.90089750289917,6.967827320098877,0.18080805787179216,0.5,True,第1轮-进行中,训练记录77,54,2019
002177,御银股份,2017-06-16,2017-08-16,5.69576358795166,6.1884765625,0.08650516597819886,0.5,True,第1轮-进行中,训练记录78,61,2017
002177,御银股份,2017-06-19,2017-08-17,5.754889011383057,6.158913612365723,0.07020545490686499,0.5,True,第1轮-进行中,训练记录78,59,2017
002177,御银股份,2017-08-25,2017-09-22,5.823868751525879,6.0899338722229,0.04568528791575381,0.5,True,第1轮-进行中,训练记录78,28,2017
002177,御银股份,2017-08-29,2017-09-22,5.853431701660156,6.0899338722229,0.040404019832616676,0.5,True,第1轮-进行中,训练记录78,24,2017
002177,御银股份,2017-09-28,2017-10-19,5.804160118103027,5.587366580963135,-0.037351405324556615,0.5,True,第1轮-进行中,训练记录78,21,2017
002177,御银股份,2017-09-29,2017-10-19,5.863285541534424,5.587366580963135,-0.04705876229576924,0.5,True,第1轮-进行中,训练记录78,20,2017
600138,中青旅,2002-06-21,2002-06-28,3.8643829822540283,4.287203311920166,0.10941470646356947,1.0,True,第1轮-进行中,训练记录79,7,2002
600138,中青旅,2002-08-22,2002-09-12,4.17903995513916,4.011878490447998,-0.03999996805141714,0.5,True,第1轮-进行中,训练记录79,21,2002
600138,中青旅,2002-08-23,2002-09-12,4.133152484893799,4.011878490447998,-0.029341766336723217,0.5,True,第1轮-进行中,训练记录79,20,2002
600138,中青旅,2002-10-16,2002-10-28,3.8119401931762695,3.654611349105835,-0.04127264230222393,1.0,True,第1轮-进行中,训练记录79,12,2002
600138,中青旅,2002-12-16,2002-12-30,3.339954137802124,3.1105167865753174,-0.06869476099387077,1.0,True,第1轮-进行中,训练记录79,14,2002
000612,焦作万方,2012-03-20,2012-10-31,6.575761318206787,6.575761318206787,0.0,1.0,False,第1轮-进行中,训练记录80,225,2012
301050,雷电微力,2024-04-25,2024-10-16,34.64175796508789,49.747676849365234,0.43606097876156147,1.0,True,第1轮-进行中,训练记录81,174,2024
002553,南方精工,2015-04-15,2015-05-14,10.714371681213379,12.682064056396484,0.1836498148214575,1.0,True,第1轮-进行中,训练记录82,29,2015
002553,南方精工,2015-10-13,2015-11-19,10.238652229309082,11.79,0.15151874836123858,1.0,False,第1轮-进行中,训练记录82,37,2015
603601,再升科技,2023-04-20,2023-05-30,4.849521636962891,4.034878730773926,-0.16798417806403504,1.0,True,第1轮-进行中,训练记录83,40,2023
603601,再升科技,2023-07-11,2023-11-29,4.270739555358887,4.42,0.0349495544521844,1.0,False,第1轮-进行中,训练记录83,141,2023
600562,国睿科技,2017-06-23,2017-07-17,20.242420196533203,18.601423263549805,-0.08106722995822614,1.0,True,第1轮-进行中,训练记录84,24,2017
600562,国睿科技,2017-09-01,2017-11-20,19.414642333984375,17.57574462890625,-0.09471705290492141,1.0,True,第1轮-进行中,训练记录84,80,2017
300393,中来股份,2023-10-18,2023-10-23,10.509027481079102,10.099584579467773,-0.03896106488906861,1.0,True,第1轮-进行中,训练记录85,5,2023
300393,中来股份,2023-12-27,2024-04-16,9.300196647644043,7.5,-0.19356543908134188,1.0,False,第1轮-进行中,训练记录85,111,2023
603861,白云电器,2019-05-07,2019-08-05,9.58729076385498,8.808984756469727,-0.08118101625951966,1.0,True,第1轮-进行中,训练记录86,90,2019
603861,白云电器,2019-11-01,2019-12-12,8.619340896606445,7.91,-0.08229641977447749,0.5,False,第1轮-进行中,训练记录86,41,2019
603861,白云电器,2019-11-04,2019-12-12,8.638304710388184,7.91,-0.08431106968388653,0.5,False,第1轮-进行中,训练记录86,38,2019
002951,金时科技,2022-11-21,2022-12-07,8.3627347946167,8.632500648498535,0.03225809026677385,1.0,True,第1轮-进行中,训练记录87,16,2022
002951,金时科技,2022-12-26,2023-01-05,8.407695770263672,8.578546524047852,0.020320758321018755,1.0,True,第1轮-进行中,训练记录87,10,2022
002951,金时科技,2023-02-21,2023-05-29,10.619773864746094,8.7,-0.18077351638522804,1.0,False,第1轮-进行中,训练记录87,97,2023
002019,亿帆医药,2024-06-19,2024-07-04,12.505035400390625,11.78793716430664,-0.05734475858113797,0.5,True,第1轮-进行中,训练记录88,15,2024
002019,亿帆医药,2024-06-20,2024-07-04,12.288924217224121,11.78793716430664,-0.04076736450333858,0.5,True,第1轮-进行中,训练记录88,14,2024
002019,亿帆医药,2024-07-29,2024-08-21,10.933311462402344,10.530556678771973,-0.03683740146024112,1.0,True,第1轮-进行中,训练记录88,23,2024
002019,亿帆医药,2024-10-18,2024-10-30,11.723193168640137,11.86204719543457,0.011844386149489707,1.0,True,第1轮-进行中,训练记录88,12,2024
600520,三佳科技,2013-10-31,2013-11-29,8.84000015258789,9.829999923706055,0.11199092240155038,0.5,True,第1轮-进行中,训练记录89,29,2013
600520,三佳科技,2013-10-31,2013-12-02,8.84000015258789,9.260000228881836,0.04751132002763498,0.5,True,第1轮-进行中,训练记录89,32,2013
600520,三佳科技,2013-12-24,2013-12-30,8.90999984741211,9.289999961853027,0.04264872288985372,0.5,True,第1轮-进行中,训练记录89,6,2013
600520,三佳科技,2013-12-24,2013-12-31,8.90999984741211,9.25,0.038159389271666816,0.5,True,第1轮-进行中,训练记录89,7,2013
600520,三佳科技,2014-01-15,2014-01-23,8.869999885559082,9.149999618530273,0.031567050347661066,1.0,True,第1轮-进行中,训练记录89,8,2014
600396,华电辽能,2002-12-02,2003-07-11,2.2760705947875977,2.2760705947875977,0.0,1.0,False,第1轮-进行中,训练记录90,221,2002
688082,盛美上海,2023-11-10,2024-06-24,111.85740661621094,82.58,-0.26173865014288566,0.5,False,第1轮-进行中,训练记录91,227,2023
688082,盛美上海,2023-11-17,2024-06-24,113.44831085205078,82.58,-0.27209140991359926,0.5,False,第1轮-进行中,训练记录91,220,2023
688003,天准科技,2022-03-18,2022-06-14,27.159608840942383,26.630033493041992,-0.019498636780882865,0.5,True,第1轮-进行中,训练记录92,88,2022
688003,天准科技,2022-03-21,2022-06-14,29.773853302001953,26.630033493041992,-0.10558995428208733,0.5,True,第1轮-进行中,训练记录92,85,2022
002214,*ST大立,2011-08-09,2011-08-16,8.585582733154297,9.0212984085083,0.050749691534790475,0.5,True,第1轮-进行中,训练记录93,7,2011
002214,*ST大立,2011-08-09,2011-09-29,8.585582733154297,7.951814651489258,-0.07381771294540844,0.5,True,第1轮-进行中,训练记录93,51,2011
002214,*ST大立,2011-08-19,2011-09-29,8.55389404296875,7.951814651489258,-0.07038658515701371,0.5,True,第1轮-进行中,训练记录93,41,2011
002214,*ST大立,2012-03-08,2012-03-15,5.755410194396973,5.755410194396973,0.0,1.0,False,第1轮-进行中,训练记录93,7,2012
600381,*ST春天,2022-07-04,2022-07-06,12.329999923706055,11.75,-0.047039734573795754,1.0,True,第1轮-进行中,训练记录94,2,2022
600381,*ST春天,2022-09-06,2022-09-14,11.229999542236328,11.789999961853027,0.049866468605855474,0.5,True,第1轮-进行中,训练记录94,8,2022
600381,*ST春天,2022-09-06,2022-09-16,11.229999542236328,11.050000190734863,-0.01602843800878909,0.5,True,第1轮-进行中,训练记录94,10,2022
600381,*ST春天,2022-09-28,2022-10-10,10.260000228881836,9.380000114440918,-0.08576998974753658,1.0,True,第1轮-进行中,训练记录94,12,2022
300006,莱美药业,2014-11-12,2014-11-13,8.2228422164917,7.704762935638428,-0.06300489140047145,1.0,True,第1轮-进行中,训练记录95,1,2014
000637,茂化实华,2021-05-06,2021-07-01,3.8153152465820312,3.7756755352020264,-0.010389629380040434,0.5,True,第1轮-进行中,训练记录97,56,2021
000637,茂化实华,2021-05-14,2021-07-01,3.914414405822754,3.7756755352020264,-0.03544307174384788,0.5,True,第1轮-进行中,训练记录97,48,2021
603022,新通联,2016-07-22,2016-10-19,20.638561248779297,24.025400161743164,0.16410247168582004,0.5,True,第1轮-进行中,训练记录98,89,2016
603022,新通联,2016-07-26,2016-10-20,20.975318908691406,22.909282684326172,0.09220187707531835,0.5,True,第1轮-进行中,训练记录98,86,2016
603022,新通联,2016-11-30,2016-12-22,24.727787017822266,22.05295181274414,-0.1081712327573134,1.0,True,第1轮-进行中,训练记录98,22,2016
600119,长江投资,2024-03-14,2024-10-29,7.670000076293945,7.69,0.002607551956599042,1.0,False,第1轮-进行中,训练记录101,229,2024
603922,金鸿顺,2023-03-17,2023-10-30,14.894611358642578,17.91,0.2024482927919933,0.5,False,第1轮-进行中,训练记录102,227,2023
603922,金鸿顺,2023-03-20,2023-10-30,14.830379486083984,17.91,0.20765621788746289,0.5,False,第1轮-进行中,训练记录102,224,2023
399013,深市精选,2018-08-16,2018-08-27,3834.7099609375,3930.0,0.024849347156154604,1.0,True,第1轮-进行中,训练记录103,11,2018
399013,深市精选,2018-09-06,2018-09-25,3755.93994140625,3787.050048828125,0.008282908647955419,1.0,True,第1轮-进行中,训练记录103,19,2018
399013,深市精选,2018-10-12,2018-10-24,3429.919921875,3409.489990234375,-0.0059563873518821905,0.5,True,第1轮-进行中,训练记录103,12,2018
399013,深市精选,2018-10-15,2018-10-24,3378.3798828125,3409.489990234375,0.009208587696175791,0.5,True,第1轮-进行中,训练记录103,9,2018
399013,深市精选,2018-11-07,2018-11-23,3498.6298828125,3476.610107421875,-0.006293828192230385,1.0,True,第1轮-进行中,训练记录103,16,2018
399013,深市精选,2018-12-27,2019-01-09,3299.60009765625,3426.659912109375,0.03850764052994703,1.0,True,第1轮-进行中,训练记录103,13,2018
300543,朗科智能,2019-04-26,2019-05-06,7.982471466064453,7.096956253051758,-0.11093246205479708,1.0,True,第1轮-进行中,训练记录104,10,2019
301120,新特电气,2023-08-14,2023-10-10,13.052347183227539,11.643963813781738,-0.10790268981318506,0.5,True,第1轮-进行中,训练记录105,57,2023
301120,新特电气,2023-08-15,2023-10-10,12.556437492370605,11.643963813781738,-0.07266979022858144,0.5,True,第1轮-进行中,训练记录105,56,2023
301120,新特电气,2023-10-19,2023-11-08,11.128217697143555,11.743145942687988,0.055258466564890835,0.5,True,第1轮-进行中,训练记录105,20,2023
301120,新特电气,2023-10-19,2023-11-21,11.128217697143555,12.239055633544922,0.0998217294658517,0.5,True,第1轮-进行中,训练记录105,33,2023
301120,新特电气,2023-11-13,2023-11-21,12.040692329406738,12.239055633544922,0.016474410167738023,0.5,True,第1轮-进行中,训练记录105,8,2023
301120,新特电气,2023-12-15,2023-12-27,11.276989936828613,10.493453025817871,-0.06948103309482011,1.0,True,第1轮-进行中,训练记录105,12,2023
301120,新特电气,2024-01-05,2024-01-19,11.148053169250488,10.086807250976562,-0.09519562762771394,1.0,True,第1轮-进行中,训练记录105,14,2024
301120,新特电气,2024-02-08,2024-02-20,7.309711456298828,7.70643949508667,0.05427410386301617,1.0,True,第1轮-进行中,训练记录105,12,2024
603906,龙蟠科技,2018-12-10,2018-12-25,5.509446620941162,5.106877326965332,-0.0730689162947295,1.0,True,第1轮-进行中,训练记录106,15,2018
603906,龙蟠科技,2019-04-12,2019-04-18,5.877510070800781,6.464110374450684,0.09980421923292103,1.0,True,第1轮-进行中,训练记录106,6,2019
603906,龙蟠科技,2019-05-10,2019-05-16,6.745908737182617,7.608557224273682,0.12787728395082673,1.0,True,第1轮-进行中,训练记录106,6,2019
603906,龙蟠科技,2019-06-04,2019-06-20,7.936363697052002,8.79141902923584,0.10773892992094755,0.5,True,第1轮-进行中,训练记录106,16,2019
603906,龙蟠科技,2019-06-05,2019-06-21,7.821343898773193,8.666125297546387,0.10800974994919996,0.5,True,第1轮-进行中,训练记录106,16,2019
603906,龙蟠科技,2019-07-04,2019-07-05,8.680047035217285,8.67,-0.0011574862643625897,0.5,False,第1轮-进行中,训练记录106,1,2019
301037,保立佳,2022-10-28,2022-11-10,11.70714282989502,12.29285717010498,0.050030511177697246,0.5,True,第1轮-进行中,训练记录107,13,2022
301037,保立佳,2022-10-28,2023-03-08,11.70714282989502,12.921428680419922,0.10372179345280877,0.5,True,第1轮-进行中,训练记录107,131,2022
301037,保立佳,2022-11-15,2023-03-08,12.992857933044434,12.921428680419922,-0.0054975782073971085,0.5,True,第1轮-进行中,训练记录107,113,2022
301037,保立佳,2023-03-31,2023-04-04,12.721428871154785,12.435714721679688,-0.02245928129370282,0.5,True,第1轮-进行中,训练记录107,4,2023
301037,保立佳,2023-05-17,2023-05-25,11.70714282989502,12.192856788635254,0.04148868479676607,1.0,True,第1轮-进行中,训练记录107,8,2023
603230,内蒙新华,2025-02-14,2025-06-13,11.732873916625977,12.560625076293945,0.07054973619847824,0.5,True,第1轮-进行中,训练记录108,119,2025
603230,内蒙新华,2025-02-17,2025-06-16,11.780999183654785,12.541374206542969,0.06454249007530231,0.5,True,第1轮-进行中,训练记录108,119,2025
603230,内蒙新华,2025-07-01,2025-08-29,12.890000343322754,14.09000015258789,0.09309540553168082,0.5,True,第1轮-进行中,训练记录108,59,2025
603230,内蒙新华,2025-07-01,2025-09-01,12.890000343322754,13.65999984741211,0.05973618957180468,0.5,True,第1轮-进行中,训练记录108,62,2025
601126,四方股份,2017-10-17,2017-11-14,6.117404460906982,6.075836658477783,-0.0067950063944335415,0.5,True,第1轮-进行中,训练记录109,28,2017
601126,四方股份,2017-10-18,2017-11-14,6.027340412139893,6.075836658477783,0.008046044029670619,0.5,True,第1轮-进行中,训练记录109,27,2017
601126,四方股份,2017-12-12,2017-12-25,5.556238651275635,5.258335113525391,-0.05361604431477213,1.0,True,第1轮-进行中,训练记录109,13,2017
601126,四方股份,2018-01-17,2018-03-20,5.362254619598389,4.877296447753906,-0.09043922869160656,0.5,True,第1轮-进行中,训练记录109,62,2018
601126,四方股份,2018-01-18,2018-03-20,5.369182586669922,4.877296447753906,-0.09161285372138808,0.5,True,第1轮-进行中,训练记录109,61,2018
601126,四方股份,2018-04-23,2018-05-21,4.503185749053955,4.51,0.0015132067220358987,0.5,False,第1轮-进行中,训练记录109,28,2018
601126,四方股份,2018-04-24,2018-05-21,4.60017728805542,4.51,-0.019603002755908944,0.5,False,第1轮-进行中,训练记录109,27,2018
603088,宁波精达,2024-05-31,2024-06-06,7.559668064117432,7.034960746765137,-0.06940877733016614,0.5,True,第1轮-进行中,训练记录110,6,2024
603088,宁波精达,2024-06-18,2024-07-26,7.530517578125,7.132129192352295,-0.05290318781407035,1.0,True,第1轮-进行中,训练记录110,38,2024
603088,宁波精达,2024-09-25,2024-09-30,6.004980087280273,7.102978229522705,0.18284792393703472,1.0,True,第1轮-进行中,训练记录110,5,2024
603088,宁波精达,2024-10-17,2024-10-24,6.51025390625,7.102978229522705,0.09104473217299182,0.5,True,第1轮-进行中,训练记录110,7,2024
603088,宁波精达,2024-10-18,2024-10-25,6.724023342132568,7.219579696655273,0.07369938046133197,0.5,True,第1轮-进行中,训练记录110,7,2024
002876,三利谱,2020-07-17,2020-07-24,34.63086700439453,30.81471824645996,-0.11019501063748462,1.0,True,第1轮-进行中,训练记录111,7,2020
002876,三利谱,2020-08-27,2020-09-03,30.278507232666016,29.65176773071289,-0.02069915458966108,1.0,True,第1轮-进行中,训练记录111,7,2020
002876,三利谱,2020-10-15,2021-01-21,31.23950958251953,35.5152702331543,0.13687028726684372,0.5,True,第1轮-进行中,训练记录111,98,2020
002876,三利谱,2020-10-15,2021-01-26,31.23950958251953,37.4,0.19720189272521899,0.5,False,第1轮-进行中,训练记录111,103,2020
600571,信雅达,2014-04-18,2014-05-15,7.103635311126709,6.669240474700928,-0.06115106102721394,1.0,True,第1轮-进行中,训练记录113,27,2014
000600,建投能源,2006-02-10,2006-04-24,2.561091899871826,2.561091899871826,0.0,1.0,False,第1轮-进行中,训练记录114,73,2006
688297,中无人机,2025-09-19,2025-11-17,48.0,48.42,0.008750000000000036,1.0,False,第1轮-进行中,训练记录115,59,2025
000877,天山股份,2022-07-11,2023-02-17,11.43630599975586,11.43630599975586,0.0,1.0,False,第1轮-进行中,训练记录116,221,2022
603602,纵横通信,2025-01-06,2025-02-10,14.311649322509766,17.859663009643555,0.24791088763985944,0.5,True,第1轮-进行中,训练记录117,35,2025
603602,纵横通信,2025-01-07,2025-02-12,14.520942687988281,19.035690307617188,0.31091284613109205,0.5,True,第1轮-进行中,训练记录117,36,2025
603602,纵横通信,2025-03-21,2025-04-02,17.411178588867188,16.164390563964844,-0.07160847949141981,0.5,True,第1轮-进行中,训练记录117,12,2025
603602,纵横通信,2025-03-24,2025-04-02,16.942760467529297,16.164390563964844,-0.04594115020726372,0.5,True,第1轮-进行中,训练记录117,9,2025
603602,纵横通信,2025-04-11,2025-05-22,14.949495315551758,14.879731178283691,-0.0046666550137978045,0.5,True,第1轮-进行中,训练记录117,41,2025
603602,纵横通信,2025-04-14,2025-05-22,15.198653221130371,14.879731178283691,-0.0209835725709755,0.5,True,第1轮-进行中,训练记录117,38,2025
603602,纵横通信,2025-07-31,2025-08-15,15.300000190734863,15.53,0.015032667084828914,0.5,False,第1轮-进行中,训练记录117,15,2025
603602,纵横通信,2025-08-01,2025-08-15,15.25,15.53,0.018360655737704876,0.5,False,第1轮-进行中,训练记录117,14,2025
000514,渝 开 发,2003-07-07,2004-02-20,3.2740678787231445,3.2740678787231445,0.0,1.0,False,第1轮-进行中,训练记录118,228,2003
002065,东华软件,2017-05-04,2017-06-09,9.632020950317383,9.882083892822266,0.02596162776168412,1.0,True,第2轮-进行中,训练记录1,36,2017
002065,东华软件,2017-07-19,2017-11-20,9.27669620513916,8.679404258728027,-0.06438627860641177,1.0,True,第2轮-进行中,训练记录1,124,2017
600481,双良节能,2021-05-18,2021-05-28,4.554293632507324,5.077990531921387,0.11498970898056611,1.0,True,第2轮-进行中,训练记录2,10,2021
600481,双良节能,2021-06-07,2021-07-01,4.881604194641113,5.854185104370117,0.19923387291347291,1.0,True,第2轮-进行中,训练记录2,24,2021
600989,宝丰能源,2021-08-17,2021-08-20,15.060210227966309,14.464302062988281,-0.03956838290819113,1.0,True,第2轮-进行中,训练记录3,3,2021
600989,宝丰能源,2021-09-28,2021-10-12,14.717110633850098,13.444036483764648,-0.08650299517062231,1.0,True,第2轮-进行中,训练记录3,14,2021
600989,宝丰能源,2021-12-10,2022-01-17,14.879631042480469,14.599735260009766,-0.018810666855355297,1.0,True,第2轮-进行中,训练记录3,38,2021
300733,西菱动力,2023-05-29,2023-12-25,14.435644149780273,9.14,-0.36684501881828935,1.0,False,第2轮-进行中,训练记录4,210,2023
603043,广州酒家,2023-03-02,2023-03-20,26.07735252380371,25.419864654541016,-0.025212983897139586,1.0,True,第2轮-进行中,训练记录5,18,2023
603043,广州酒家,2023-04-18,2023-04-28,26.105134963989258,28.42024040222168,0.08868390994438433,0.5,True,第2轮-进行中,训练记录5,10,2023
603043,广州酒家,2023-04-18,2023-05-05,26.105134963989258,27.827571868896484,0.06598076996281547,0.5,True,第2轮-进行中,训练记录5,17,2023
603043,广州酒家,2023-05-11,2023-07-14,26.864490509033203,24.344512939453125,-0.09380328909393364,1.0,True,第2轮-进行中,训练记录5,64,2023
300413,芒果超媒,2019-05-22,2019-07-08,23.99773597717285,20.95737648010254,-0.12669359726110688,1.0,True,第2轮-进行中,训练记录7,47,2019
603958,哈森股份,2024-06-24,2024-07-10,7.96999979019165,7.960000038146973,-0.0012546740662382472,1.0,True,第4轮-进行中,训练记录1,16,2024
603958,哈森股份,2024-07-31,2024-10-15,9.119999885559082,10.8100004196167,0.1853070784281063,1.0,True,第4轮-进行中,训练记录1,76,2024
300507,苏奥传感,2022-08-22,2022-09-16,7.027556419372559,6.30554723739624,-0.10273972045048078,1.0,True,第4轮-进行中,训练记录2,25,2022
300507,苏奥传感,2022-12-15,2023-03-31,5.795327186584473,6.48,0.11814221895883083,1.0,False,第4轮-进行中,训练记录2,106,2022
688316,青云科技,2024-04-12,2024-05-06,34.290000915527344,39.20000076293945,0.1431904262559743,0.5,True,第4轮-进行中,训练记录3,24,2024
688316,青云科技,2024-04-15,2024-05-07,30.809999465942383,38.27000045776367,0.24212921522662256,0.5,True,第4轮-进行中,训练记录3,22,2024
688316,青云科技,2024-05-15,2024-05-28,36.29999923706055,34.2599983215332,-0.05619837350973279,0.5,True,第4轮-进行中,训练记录3,13,2024
688316,青云科技,2024-05-17,2024-05-28,38.20000076293945,34.2599983215332,-0.10314142310773794,0.5,True,第4轮-进行中,训练记录3,11,2024
688316,青云科技,2024-06-12,2024-08-06,31.329999923706055,26.780000686645508,-0.14522819176956842,1.0,True,第4轮-进行中,训练记录3,55,2024
688316,青云科技,2024-08-29,2024-09-09,25.510000228881836,23.6200008392334,-0.07408856811802862,1.0,True,第4轮-进行中,训练记录3,11,2024
688316,青云科技,2024-09-24,2024-10-08,25.0,39.72999954223633,0.5891999816894531,1.0,True,第4轮-进行中,训练记录3,14,2024
688316,青云科技,2024-10-17,2024-10-23,32.599998474121094,34.689998626708984,0.06411043712922253,1.0,True,第4轮-进行中,训练记录3,6,2024
300226,上海钢联,2013-06-25,2013-06-28,3.5977041721343994,3.9090800285339355,0.08654848800834203,1.0,True,第4轮-进行中,训练记录4,3,2013
300226,上海钢联,2013-09-10,2013-09-24,13.993155479431152,15.718853950500488,0.1233244691382139,1.0,True,第4轮-进行中,训练记录4,14,2013
300226,上海钢联,2013-10-17,2013-10-29,12.691380500793457,10.009045600891113,-0.21135091645346588,1.0,True,第4轮-进行中,训练记录4,12,2013
300415,伊之密,2020-02-05,2020-03-30,7.075665473937988,6.279653072357178,-0.11250000505433545,0.5,True,第4轮-进行中,训练记录5,54,2020
300415,伊之密,2020-02-06,2020-03-30,7.119888782501221,6.279653072357178,-0.1180124768534471,0.5,True,第4轮-进行中,训练记录5,53,2020
300415,伊之密,2020-05-26,2020-07-14,6.898774147033691,8.418615341186523,0.22030597925956563,1.0,True,第4轮-进行中,训练记录5,49,2020
603217,元利科技,2021-04-07,2021-06-16,14.397821426391602,15.855339050292969,0.10123181700459886,1.0,True,第4轮-进行中,训练记录6,70,2021
603217,元利科技,2021-07-05,2021-08-12,15.99890422821045,22.028640747070312,0.3768843436307211,1.0,True,第4轮-进行中,训练记录6,38,2021
603217,元利科技,2021-09-08,2021-09-13,25.71539306640625,24.61281394958496,-0.04287623035642657,1.0,True,第4轮-进行中,训练记录6,5,2021
603217,元利科技,2021-09-22,2021-10-13,23.602113723754883,21.862104415893555,-0.07372260502711062,1.0,True,第4轮-进行中,训练记录6,21,2021
301019,宁波色母,2022-11-22,2023-03-31,14.061139106750488,13.532524108886719,-0.037594037997248135,1.0,True,第4轮-进行中,训练记录7,129,2022
301019,宁波色母,2023-05-08,2023-07-05,12.977478981018066,13.89,0.07031573854341532,1.0,False,第4轮-进行中,训练记录7,58,2023
002386,天原股份,2019-03-14,2019-05-06,4.5743842124938965,4.489411354064941,-0.01857580266145352,1.0,True,第4轮-进行中,训练记录8,53,2019
002386,天原股份,2019-06-11,2019-08-05,4.404438018798828,4.448686122894287,0.010046254234161356,1.0,True,第4轮-进行中,训练记录8,55,2019
002386,天原股份,2019-09-02,2019-10-24,4.203936576843262,4.17,-0.008072571082588688,1.0,False,第4轮-进行中,训练记录8,52,2019
601163,三角轮胎,2022-02-28,2022-03-15,11.43744945526123,10.70155143737793,-0.06434109464368278,1.0,True,第4轮-进行中,训练记录9,15,2022
601163,三角轮胎,2022-03-30,2022-04-21,10.958672523498535,10.33803653717041,-0.05663423056007044,1.0,True,第4轮-进行中,训练记录9,22,2022
601163,三角轮胎,2022-04-29,2022-09-22,9.389348983764648,10.154547691345215,0.08149646039397301,1.0,True,第4轮-进行中,训练记录9,146,2022
000690,宝新能源,2010-06-24,2010-10-13,3.9151723384857178,4.344968318939209,0.10977702724057471,0.5,True,第4轮-进行中,训练记录10,111,2010
000690,宝新能源,2010-06-28,2010-10-13,3.7338523864746094,4.344968318939209,0.1636690123793557,0.5,True,第4轮-进行中,训练记录10,107,2010
000690,宝新能源,2010-11-01,2010-11-10,4.633737564086914,4.734471321105957,0.021739202021228997,1.0,True,第4轮-进行中,训练记录10,9,2010
000690,宝新能源,2010-11-15,2010-11-30,4.237519264221191,3.8480169773101807,-0.09191752594488721,1.0,True,第4轮-进行中,训练记录10,15,2010
000690,宝新能源,2011-01-04,2011-01-17,3.740567922592163,3.4920918941497803,-0.0664273537025341,1.0,True,第4轮-进行中,训练记录10,13,2011
000690,宝新能源,2011-01-26,2011-02-09,3.4920918941497803,3.4920918941497803,0.0,1.0,False,第4轮-进行中,训练记录10,14,2011
002848,*ST高斯,2023-07-28,2023-09-08,10.0,11.229999542236328,0.12299995422363282,0.5,True,第4轮-进行中,训练记录11,42,2023
002848,*ST高斯,2023-07-28,2023-09-11,10.0,10.899999618530273,0.08999996185302735,0.5,True,第4轮-进行中,训练记录11,45,2023
002848,*ST高斯,2023-09-15,2023-10-11,10.229999542236328,11.149999618530273,0.08993158528459022,0.5,True,第4轮-进行中,训练记录11,26,2023
002848,*ST高斯,2023-09-19,2023-10-11,10.40999984741211,11.149999618530273,0.07108547377184886,0.5,True,第4轮-进行中,训练记录11,22,2023
002848,*ST高斯,2023-11-22,2023-11-27,11.5600004196167,12.630000114440918,0.09256052387407243,0.5,True,第4轮-进行中,训练记录11,5,2023
002848,*ST高斯,2023-12-11,2023-12-26,11.720000267028809,10.920000076293945,-0.06825940038461066,1.0,True,第4轮-进行中,训练记录11,15,2023
002848,*ST高斯,2024-02-06,2024-02-21,6.239999771118164,7.28000020980835,0.1666667430828807,0.5,True,第4轮-进行中,训练记录11,15,2024
002848,*ST高斯,2024-02-06,2024-02-22,6.239999771118164,7.590000152587891,0.21634622291465502,0.5,True,第4轮-进行中,训练记录11,16,2024
603379,三美股份,2023-04-06,2023-11-15,30.8575439453125,27.9,-0.09584508574480294,0.5,False,第4轮-进行中,训练记录12,223,2023
603379,三美股份,2023-04-21,2023-11-15,33.00971984863281,27.9,-0.1547944021356015,0.5,False,第4轮-进行中,训练记录12,208,2023
000751,锌业股份,2012-09-27,2012-11-07,2.345566987991333,2.899793863296509,0.23628695242671266,0.5,True,第4轮-进行中,训练记录13,41,2012
000751,锌业股份,2012-09-28,2013-02-07,2.4247422218322754,3.1967010498046875,0.3183673798483516,0.5,True,第4轮-进行中,训练记录13,132,2012
688077,大地熊,2025-04-01,2025-08-29,23.38017463684082,41.459999084472656,0.773297237016482,0.5,True,第4轮-进行中,训练记录14,150,2025
688077,大地熊,2025-04-21,2025-08-29,22.635583877563477,41.459999084472656,0.8316293190726152,0.5,True,第4轮-进行中,训练记录14,130,2025
002434,万里扬,2025-04-10,2025-08-01,6.554178714752197,7.630000114440918,0.1641428234581479,0.5,True,第4轮-进行中,训练记录16,113,2025
002434,万里扬,2025-04-15,2025-08-01,6.771008491516113,7.630000114440918,0.1268631731892077,0.5,True,第4轮-进行中,训练记录16,108,2025
300815,玉禾田,2023-04-21,2023-11-20,13.517606735229492,14.33,0.060098897732632967,0.5,False,第4轮-进行中,训练记录17,213,2023
300815,玉禾田,2023-05-18,2023-11-20,15.446463584899902,14.33,-0.07227955957448608,0.5,False,第4轮-进行中,训练记录17,186,2023
600973,宝胜股份,2008-07-15,2008-08-08,3.3859455585479736,2.654179811477661,-0.21611858029522554,0.5,True,第4轮-进行中,训练记录18,24,2008
600973,宝胜股份,2008-07-16,2008-08-08,3.0771896839141846,2.654179811477661,-0.13746629746218797,0.5,True,第4轮-进行中,训练记录18,23,2008
600973,宝胜股份,2008-08-28,2008-09-05,2.533912181854248,2.2975244522094727,-0.09328962990019381,1.0,True,第4轮-进行中,训练记录18,8,2008
600973,宝胜股份,2008-09-22,2009-02-27,2.3970561027526855,2.3970561027526855,0.0,1.0,False,第4轮-进行中,训练记录18,158,2008
600699,均胜电子,2011-07-18,2011-07-25,7.312072277069092,6.8219146728515625,-0.06703402067765116,1.0,True,第4轮-进行中,训练记录19,7,2011
600699,均胜电子,2011-09-07,2011-09-13,6.19075345993042,6.539906024932861,0.05639904209759399,1.0,True,第4轮-进行中,训练记录19,6,2011
600699,均胜电子,2011-09-27,2011-10-12,6.163895606994629,6.439189434051514,0.04466231172774705,1.0,True,第4轮-进行中,训练记录19,15,2011
600699,均胜电子,2011-10-26,2011-11-21,6.257897853851318,6.177324295043945,-0.01287549919942931,1.0,True,第4轮-进行中,训练记录19,26,2011
600699,均胜电子,2011-12-19,2011-12-27,5.498490333557129,5.015718460083008,-0.08780080425490215,1.0,True,第4轮-进行中,训练记录19,8,2011
600496,精工钢构,2019-01-25,2019-02-20,2.5173234939575195,2.6459460258483887,0.05109495549523508,0.5,True,第4轮-进行中,训练记录20,26,2019
600496,精工钢构,2019-01-28,2019-02-20,2.50813627243042,2.6459460258483887,0.05494508210450189,0.5,True,第4轮-进行中,训练记录20,23,2019
600496,精工钢构,2019-05-09,2019-06-17,2.976689100265503,2.9031906127929688,-0.024691355058201594,1.0,True,第4轮-进行中,训练记录20,39,2019
002722,物产金轮,2017-03-30,2017-11-08,40.28108596801758,31.31,-0.22271211791907627,0.5,False,第4轮-进行中,训练记录21,223,2017
002722,物产金轮,2017-03-31,2017-11-08,36.595237731933594,31.31,-0.1444241944989911,0.5,False,第4轮-进行中,训练记录21,222,2017
600391,航发科技,2010-03-09,2010-03-24,14.89661693572998,15.38512134552002,0.032792976546127506,0.5,True,第4轮-进行中,训练记录23,15,2010
600391,航发科技,2010-03-10,2010-03-24,15.083236694335938,15.38512134552002,0.02001458024572709,0.5,True,第4轮-进行中,训练记录23,14,2010
600391,航发科技,2010-05-05,2010-08-20,13.908632278442383,12.311389923095703,-0.11483820431591378,1.0,True,第4轮-进行中,训练记录23,107,2010
002785,万里石,2024-06-05,2024-06-21,23.860000610351562,25.709999084472656,0.07753555854137235,1.0,True,第4轮-进行中,训练记录24,16,2024
002785,万里石,2024-06-27,2024-10-09,24.75,27.290000915527344,0.10262629961726641,0.5,True,第4轮-进行中,训练记录24,104,2024
002785,万里石,2024-07-05,2024-10-09,25.399999618530273,27.290000915527344,0.074409500999293,0.5,True,第4轮-进行中,训练记录24,96,2024
002785,万里石,2024-12-06,2024-12-31,33.869998931884766,32.75,-0.03306758096264401,1.0,True,第4轮-进行中,训练记录24,25,2024
603927,中科软,2020-10-28,2021-01-25,18.908302307128906,17.278837203979492,-0.08617722927642556,1.0,True,第4轮-进行中,训练记录25,89,2020
603927,中科软,2021-02-10,2021-02-25,15.923269271850586,16.49892234802246,0.03615168884881724,1.0,True,第4轮-进行中,训练记录25,15,2021
603927,中科软,2021-03-15,2021-05-20,17.060646057128906,15.88,-0.06920289262056196,1.0,False,第4轮-进行中,训练记录25,66,2021
300972,万辰集团,2024-06-26,2024-07-16,20.88195037841797,19.539539337158203,-0.06428571167601192,1.0,True,第4轮-进行中,训练记录26,20,2024
300972,万辰集团,2024-07-19,2024-07-24,20.036727905273438,17.918703079223633,-0.10570712124569824,1.0,True,第4轮-进行中,训练记录26,5,2024
300972,万辰集团,2024-07-30,2024-08-23,19.469932556152344,27.584060668945312,0.4167517319020691,1.0,True,第4轮-进行中,训练记录26,24,2024
002489,浙江永强,2024-07-24,2024-08-02,2.4345078468322754,2.6027462482452393,0.06910571335059434,0.5,True,第4轮-进行中,训练记录27,9,2024
002489,浙江永强,2024-07-26,2024-08-02,2.4938859939575195,2.6027462482452393,0.04365085434999,0.5,True,第4轮-进行中,训练记录27,7,2024
002489,浙江永强,2024-08-26,2024-08-30,2.6225390434265137,2.869948387145996,0.09433962264150944,1.0,True,第4轮-进行中,训练记录27,4,2024
002489,浙江永强,2024-09-10,2024-10-08,2.6621243953704834,3.3845596313476562,0.2713754613546647,0.5,True,第4轮-进行中,训练记录27,28,2024
002489,浙江永强,2024-09-19,2024-10-08,2.681917190551758,3.3845596313476562,0.2619925936830816,0.5,True,第4轮-进行中,训练记录27,19,2024
002489,浙江永强,2024-10-21,2024-10-28,2.9887046813964844,3.255906820297241,0.08940399517021051,1.0,True,第4轮-进行中,训练记录27,7,2024
601107,四川成渝,2022-06-15,2022-10-14,3.7178893089294434,3.4058361053466797,-0.083932892470276,0.5,True,第4轮-进行中,训练记录28,121,2022
601107,四川成渝,2022-06-20,2022-10-14,3.6733102798461914,3.4058361053466797,-0.07281556800878562,0.5,True,第4轮-进行中,训练记录28,116,2022
601107,四川成渝,2022-12-09,2023-01-20,3.5306575298309326,3.25,-0.07949157556620114,1.0,False,第4轮-进行中,训练记录28,42,2022
603822,嘉澳环保,2025-01-06,2025-03-07,46.560001373291016,61.70000076293945,0.32517179860594775,0.5,True,第4轮-进行中,训练记录29,60,2025
603822,嘉澳环保,2025-01-15,2025-03-11,43.33000183105469,57.11000061035156,0.3180244218088338,0.5,True,第4轮-进行中,训练记录29,55,2025
002436,兴森科技,2019-07-24,2019-09-02,6.155244827270508,7.139311790466309,0.15987454452436087,1.0,True,第4轮-进行中,训练记录30,40,2019
002436,兴森科技,2019-11-05,2019-11-25,7.486629962921143,6.550800800323486,-0.1250000557303507,1.0,True,第4轮-进行中,训练记录30,20,2019
688685,迈信林,2024-04-17,2024-10-18,26.036334991455078,38.82,0.4909932604854109,0.5,False,第4轮-进行中,训练记录31,184,2024
688685,迈信林,2024-06-26,2024-10-18,24.100690841674805,38.82,0.6107422088031034,0.5,False,第4轮-进行中,训练记录31,114,2024
600898,*ST美讯,2005-01-18,2005-01-27,3.5283148288726807,3.566582679748535,0.010845928646362126,0.5,True,第4轮-进行中,训练记录32,9,2005
600898,*ST美讯,2005-02-02,2005-02-17,3.5283148288726807,3.513007640838623,-0.004338384973131313,0.5,True,第4轮-进行中,训练记录32,15,2005
600898,*ST美讯,2005-03-08,2005-03-10,3.704348087310791,3.5818898677825928,-0.033057967729241675,0.5,True,第4轮-进行中,训练记录32,2,2005
600898,*ST美讯,2005-03-17,2005-03-18,3.5053539276123047,3.3522818088531494,-0.04366809227261721,1.0,True,第4轮-进行中,训练记录32,1,2005
600898,*ST美讯,2005-04-01,2005-04-14,3.145634412765503,3.2068631649017334,0.01946467519803131,0.5,True,第4轮-进行中,训练记录32,13,2005
600898,*ST美讯,2005-04-01,2005-04-15,3.145634412765503,3.099712610244751,-0.01459858219200353,0.5,True,第4轮-进行中,训练记录32,14,2005
600898,*ST美讯,2005-04-28,2005-07-01,2.86245059967041,2.5027308464050293,-0.12566845810607175,0.5,True,第4轮-进行中,训练记录32,64,2005
600898,*ST美讯,2005-05-09,2005-07-01,2.717031955718994,2.5027308464050293,-0.07887323844789136,0.5,True,第4轮-进行中,训练记录32,53,2005
600898,*ST美讯,2005-07-29,2005-08-31,2.273122549057007,2.273122549057007,0.0,1.0,False,第4轮-进行中,训练记录32,33,2005
603580,*ST艾艾,2019-08-05,2019-09-11,12.042080879211426,12.37120532989502,0.027331194166929265,0.5,True,第4轮-进行中,训练记录33,37,2019
603580,*ST艾艾,2019-08-08,2020-03-18,11.761356353759766,10.74,-0.08684001428400452,0.5,False,第4轮-进行中,训练记录33,223,2019
603580,*ST艾艾,2019-10-21,2020-03-18,12.071121215820312,10.74,-0.11027320428824422,0.5,False,第4轮-进行中,训练记录33,149,2019
600613,神奇制药,1993-09-08,1993-10-22,6.239889144897461,5.078901767730713,-0.18605897480023684,0.5,True,第4轮-进行中,训练记录34,44,1993
600613,神奇制药,1993-09-09,1993-10-22,6.290075778961182,5.078901767730713,-0.19255316689213187,0.5,True,第4轮-进行中,训练记录34,43,1993
600613,神奇制药,1993-11-03,1993-11-16,5.058826923370361,5.552664756774902,0.09761904111072643,1.0,True,第4轮-进行中,训练记录34,13,1993
600613,神奇制药,1993-12-02,1993-12-13,6.02241325378418,5.697202682495117,-0.05400004243892042,1.0,True,第4轮-进行中,训练记录34,11,1993
600613,神奇制药,1993-12-21,1994-03-03,5.054811954498291,4.308032512664795,-0.14773634480486164,0.5,True,第4轮-进行中,训练记录34,72,1993
600613,神奇制药,1993-12-24,1994-03-03,4.982542991638184,4.308032512664795,-0.13537474340018088,0.5,True,第4轮-进行中,训练记录34,69,1993
600613,神奇制药,1994-03-23,1994-04-14,4.215689182281494,4.215689182281494,0.0,1.0,False,第4轮-进行中,训练记录34,22,1994
002173,创新医疗,2026-01-22,2026-03-20,28.93000030517578,26.799999237060547,-0.0736260299221,1.0,True,第4轮-进行中,训练记录35,57,2026
002173,创新医疗,2026-06-18,2026-08-03,17.100000381469727,16.14,-0.05614037193297507,1.0,False,第4轮-进行中,训练记录35,46,2026
601399,国机重装,2024-03-28,2024-10-18,2.809999942779541,3.049999952316284,0.08540925780209968,0.5,True,第4轮-进行中,训练记录36,204,2024
601399,国机重装,2024-06-19,2024-10-18,2.619999885559082,3.049999952316284,0.16412217005324198,0.5,True,第4轮-进行中,训练记录36,121,2024
002370,亚太药业,2016-12-14,2017-01-17,14.909378051757812,13.764020919799805,-0.07682125491632902,0.5,True,第4轮-进行中,训练记录37,34,2016
002370,亚太药业,2016-12-29,2017-01-17,14.618102073669434,13.764020919799805,-0.05842626830524228,0.5,True,第4轮-进行中,训练记录37,19,2016
600967,内蒙一机,2024-12-18,2025-01-15,8.44048023223877,9.154339790344238,0.08457570404333774,0.5,True,第4轮-进行中,训练记录38,28,2024
600967,内蒙一机,2024-12-20,2025-01-16,8.420735359191895,8.905309677124023,0.05754536833926006,0.5,True,第4轮-进行中,训练记录38,27,2024
603345,安井食品,2019-12-30,2020-02-13,54.95349884033203,50.152347564697266,-0.08736752667167856,0.5,True,第4轮-进行中,训练记录39,45,2019
603345,安井食品,2020-01-02,2020-02-13,52.866432189941406,50.152347564697266,-0.051338524519544446,0.5,True,第4轮-进行中,训练记录39,42,2020
600067,冠城新材,2015-11-04,2016-04-22,8.14305591583252,6.107292175292969,-0.24999997072124008,1.0,True,第4轮-进行中,训练记录40,170,2015
301023,江南奕帆,2023-12-14,2024-07-25,26.795120239257812,17.78,-0.3364463439148769,0.5,False,第4轮-进行中,训练记录41,224,2023
301023,江南奕帆,2023-12-19,2024-07-25,26.515380859375,17.78,-0.32944579999447543,0.5,False,第4轮-进行中,训练记录41,219,2023
603917,合力科技,2025-04-18,2025-11-27,12.09165096282959,13.79,0.14045633986551787,0.5,False,第4轮-进行中,训练记录42,223,2025
603917,合力科技,2025-06-09,2025-11-27,13.380000114440918,13.79,0.03064274155846769,0.5,False,第4轮-进行中,训练记录42,171,2025
603828,ST柯利达,2018-07-31,2018-08-08,5.465329170227051,5.633728981018066,0.030812382117511077,0.5,True,第4轮-进行中,训练记录43,8,2018
603828,ST柯利达,2018-07-31,2018-08-22,5.465329170227051,6.169545650482178,0.12885161320043073,0.5,True,第4轮-进行中,训练记录43,22,2018
603828,ST柯利达,2018-11-01,2019-02-26,6.001145839691162,7.33,0.22143340552064053,0.5,False,第4轮-进行中,训练记录43,117,2018
603828,ST柯利达,2018-11-20,2019-02-26,5.82509183883667,7.33,0.25834925917045726,0.5,False,第4轮-进行中,训练记录43,98,2018
002903,宇环数控,2021-02-18,2021-03-25,11.937284469604492,12.090449333190918,0.012830796147685376,1.0,True,第4轮-进行中,训练记录44,35,2021
002903,宇环数控,2021-04-07,2021-05-21,12.760544776916504,12.381723403930664,-0.029686927917930112,0.5,True,第4轮-进行中,训练记录44,44,2021
002903,宇环数控,2021-04-15,2021-05-21,13.153030395507812,12.381723403930664,-0.05864101035154415,0.5,True,第4轮-进行中,训练记录44,36,2021
002903,宇环数控,2021-07-21,2021-08-31,13.567822456359863,19.440462112426758,0.43283582719009694,1.0,True,第4轮-进行中,训练记录44,41,2021
002512,达华智能,2013-06-07,2013-12-27,4.623557090759277,4.611671447753906,-0.0025706707567482944,0.5,True,第4轮-进行中,训练记录45,203,2013
002512,达华智能,2013-09-03,2013-12-27,5.780436992645264,4.611671447753906,-0.20219328510602844,0.5,True,第4轮-进行中,训练记录45,115,2013
300948,冠中生态,2025-11-14,2025-12-05,18.309999465942383,19.270000457763672,0.05243042161781295,0.5,True,第4轮-进行中,训练记录46,21,2025
300948,冠中生态,2025-11-25,2025-12-05,17.280000686645508,19.270000457763672,0.11516201921543293,0.5,True,第4轮-进行中,训练记录46,10,2025
601933,永辉超市,2024-10-18,2024-10-31,3.0299999713897705,4.610000133514404,0.5214522036447198,0.5,True,第4轮-进行中,训练记录47,13,2024
601933,永辉超市,2025-01-14,2025-02-05,5.940000057220459,5.199999809265137,-0.12457916512236453,0.5,True,第4轮-进行中,训练记录47,22,2025
603628,清源股份,2019-08-09,2019-09-19,7.045069694519043,7.929347038269043,0.125517188912688,0.5,True,第4轮-进行中,训练记录48,41,2019
603628,清源股份,2019-08-12,2019-09-19,7.181112289428711,7.929347038269043,0.10419482646745486,0.5,True,第4轮-进行中,训练记录48,38,2019
603628,清源股份,2019-11-04,2019-11-08,7.550371170043945,7.696131229400635,0.019305019061180945,0.5,True,第4轮-进行中,训练记录48,4,2019
603628,清源股份,2019-11-18,2019-11-21,7.5309367179870605,7.414328575134277,-0.015483882977568204,1.0,True,第4轮-进行中,训练记录48,3,2019
603628,清源股份,2019-12-04,2020-02-04,7.43376350402832,6.714680194854736,-0.09673206697844453,1.0,True,第4轮-进行中,训练记录48,62,2019
300908,仲景食品,2025-10-30,2025-12-12,29.709999084472656,27.350000381469727,-0.07943449261956849,0.5,True,第4轮-进行中,训练记录49,43,2025
300908,仲景食品,2025-11-25,2025-12-12,28.899999618530273,27.350000381469727,-0.053633192301729624,0.5,True,第4轮-进行中,训练记录49,17,2025
300908,仲景食品,2026-01-06,2026-03-24,27.940000534057617,26.270000457763672,-0.05977093931184037,1.0,True,第4轮-进行中,训练记录49,77,2026
601099,太平洋,2009-10-29,2010-01-26,5.439408779144287,5.8836565017700195,0.08167206045058821,1.0,True,第4轮-进行中,训练记录50,89,2009
601099,太平洋,2010-02-04,2010-03-22,5.645791530609131,5.999090671539307,0.06257743294536026,1.0,True,第4轮-进行中,训练记录50,46,2010
300645,正元智慧,2019-06-18,2019-07-23,14.920952796936035,14.369054794311523,-0.03698812067402572,0.5,True,第4轮-进行中,训练记录51,35,2019
300645,正元智慧,2019-07-05,2019-07-23,14.960373878479004,14.369054794311523,-0.03952568892800953,0.5,True,第4轮-进行中,训练记录51,18,2019
300645,正元智慧,2019-08-05,2020-01-17,14.388765335083008,14.64,0.017460474131468864,0.5,False,第4轮-进行中,训练记录51,165,2019
300645,正元智慧,2019-08-06,2020-01-17,13.925565719604492,14.64,0.051303788641758635,0.5,False,第4轮-进行中,训练记录51,164,2019
000422,湖北宜化,2008-11-07,2008-11-18,4.150302410125732,5.075408458709717,0.2229008773738872,0.5,True,第4轮-进行中,训练记录52,11,2008
000422,湖北宜化,2008-11-12,2008-11-18,4.283365726470947,5.075408458709717,0.18491130172331358,0.5,True,第4轮-进行中,训练记录52,6,2008
000422,湖北宜化,2008-12-26,2009-01-14,5.3225250244140625,6.1272406578063965,0.15119057772413616,1.0,True,第4轮-进行中,训练记录52,19,2008
000822,山东海化,2021-10-15,2022-05-19,8.365463256835938,8.80066204071045,0.05202327360877282,0.5,False,第4轮-进行中,训练记录54,216,2021
000822,山东海化,2021-10-18,2022-05-19,8.80066204071045,8.80066204071045,0.0,0.5,False,第4轮-进行中,训练记录54,213,2021
300451,创业慧康,2022-12-23,2023-01-05,7.660916805267334,8.278572082519531,0.0806241985068318,1.0,True,第4轮-进行中,训练记录55,13,2022
300451,创业慧康,2023-01-13,2023-01-16,8.198873519897461,8.517663955688477,0.038882223883239336,0.5,True,第4轮-进行中,训练记录55,3,2023
300451,创业慧康,2023-01-13,2023-02-01,8.198873519897461,9.075546264648438,0.10692599936118305,0.5,True,第4轮-进行中,训练记录55,19,2023
300848,美瑞新材,2022-02-07,2022-03-15,9.789116859436035,9.235206604003906,-0.05658429288217124,1.0,True,第4轮-进行中,训练记录56,36,2022
300848,美瑞新材,2022-04-21,2022-04-26,9.936826705932617,7.863274574279785,-0.20867347222779403,0.5,True,第4轮-进行中,训练记录56,5,2022
300848,美瑞新材,2022-04-22,2022-04-26,9.125657081604004,7.863274574279785,-0.13833332723722416,0.5,True,第4轮-进行中,训练记录56,4,2022
300848,美瑞新材,2022-06-13,2022-08-11,9.257472038269043,15.655571937561035,0.6911281905949246,1.0,True,第4轮-进行中,训练记录56,59,2022
603828,ST柯利达,2024-06-26,2024-07-23,1.440000057220459,1.590000033378601,0.10416664597061027,0.5,True,第4轮-进行中,训练记录57,27,2024
603828,ST柯利达,2024-06-27,2024-07-23,1.4199999570846558,1.590000033378601,0.11971836720542271,0.5,True,第4轮-进行中,训练记录57,26,2024
603828,ST柯利达,2024-08-05,2024-10-11,1.6200000047683716,2.240000009536743,0.38271605119965385,0.5,True,第4轮-进行中,训练记录57,67,2024
603828,ST柯利达,2024-08-06,2024-10-11,1.649999976158142,2.240000009536743,0.3575757829720437,0.5,True,第4轮-进行中,训练记录57,66,2024
002398,垒知集团,2022-06-08,2023-01-13,5.842965126037598,5.5,-0.05869710303579703,0.5,False,第4轮-进行中,训练记录59,219,2022
002398,垒知集团,2022-06-10,2023-01-13,5.919095039367676,5.5,-0.07080390441111194,0.5,False,第4轮-进行中,训练记录59,217,2022
300500,启迪设计,2025-10-10,2025-12-05,13.319999694824219,16.030000686645508,0.20345353257585433,0.5,True,第4轮-进行中,训练记录60,56,2025
300500,启迪设计,2026-01-09,2026-05-26,12.130000114440918,11.41,-0.05935697507403554,0.5,False,第4轮-进行中,训练记录60,137,2026
300500,启迪设计,2026-04-10,2026-05-26,10.640000343322754,11.41,0.072368386450332,0.5,False,第4轮-进行中,训练记录60,46,2026
002524,光正眼科,2025-09-12,2025-11-21,4.369999885559082,4.340000152587891,-0.006864927633139594,0.5,True,第4轮-进行中,训练记录61,70,2025
002524,光正眼科,2025-09-26,2025-11-21,4.300000190734863,4.340000152587891,0.009302316297384027,0.5,True,第4轮-进行中,训练记录61,56,2025
002524,光正眼科,2025-12-26,2026-01-26,4.199999809265137,5.05,0.2023810069847564,1.0,False,第4轮-进行中,训练记录61,31,2025
300140,节能环境,2017-02-28,2017-03-31,16.119483947753906,16.419065475463867,0.01858505698327301,0.5,True,第4轮-进行中,训练记录62,31,2017
300140,节能环境,2017-03-10,2017-04-26,15.752251625061035,13.4715576171875,-0.14478527020512208,0.5,True,第4轮-进行中,训练记录62,47,2017
300140,节能环境,2017-04-20,2017-04-26,14.418625831604004,13.4715576171875,-0.06568366677084005,0.5,True,第4轮-进行中,训练记录62,6,2017
300140,节能环境,2017-05-12,2017-05-23,13.3555908203125,19.714475631713867,0.4761215656390242,0.5,True,第4轮-进行中,训练记录62,11,2017
300140,节能环境,2017-05-12,2017-06-01,13.3555908203125,19.530858993530273,0.46237326796698625,0.5,True,第4轮-进行中,训练记录62,20,2017
300140,节能环境,2017-06-09,2017-09-07,18.55480194091797,16.57,-0.10696971852558473,0.5,False,第4轮-进行中,训练记录62,90,2017
300140,节能环境,2017-06-23,2017-09-07,17.346805572509766,16.57,-0.044780900394756414,0.5,False,第4轮-进行中,训练记录62,76,2017
002990,盛视科技,2021-11-23,2022-01-19,28.151351928710938,31.482707977294922,0.11833733800849573,0.5,True,第4轮-进行中,训练记录63,57,2021
002990,盛视科技,2021-12-08,2022-02-11,26.918588638305664,28.488435745239258,0.05831832894461902,0.5,True,第4轮-进行中,训练记录63,65,2021
002990,盛视科技,2022-01-28,2022-02-11,29.15297508239746,28.488435745239258,-0.022794906361356285,0.5,True,第4轮-进行中,训练记录63,14,2022
002990,盛视科技,2022-02-21,2022-03-07,27.69869613647461,24.424163818359375,-0.11821972781611247,1.0,True,第4轮-进行中,训练记录63,14,2022
002990,盛视科技,2022-03-17,2022-04-25,22.440181732177734,19.31011199951172,-0.13948504383891433,1.0,True,第4轮-进行中,训练记录63,39,2022
002990,盛视科技,2022-04-28,2022-07-07,19.088600158691406,25.35,0.328017758727984,1.0,False,第4轮-进行中,训练记录63,70,2022
300887,谱尼测试,2025-03-04,2025-03-21,8.069999694824219,9.050000190734863,0.12143748859608736,1.0,True,第4轮-进行中,训练记录64,17,2025
300887,谱尼测试,2025-03-25,2025-04-16,8.609999656677246,7.170000076293945,-0.16724734469258068,0.5,True,第4轮-进行中,训练记录64,22,2025
300887,谱尼测试,2025-04-01,2025-04-16,7.989999771118164,7.170000076293945,-0.10262825010187247,0.5,True,第4轮-进行中,训练记录64,15,2025
300887,谱尼测试,2025-05-06,2025-06-19,7.090000152587891,8.199999809265137,0.15655848135237202,0.5,True,第4轮-进行中,训练记录64,44,2025
300887,谱尼测试,2025-05-20,2025-06-23,7.340000152587891,8.670000076293945,0.18119889592061272,0.5,True,第4轮-进行中,训练记录64,34,2025
300887,谱尼测试,2025-09-05,2025-09-15,8.220000267028809,8.369999885559082,0.018248128182177314,1.0,True,第4轮-进行中,训练记录64,10,2025
300887,谱尼测试,2025-09-30,2025-10-13,8.130000114440918,8.08,-0.006150075490417911,1.0,False,第4轮-进行中,训练记录64,13,2025
000568,泸州老窖,2000-09-08,2000-11-01,1.6861159801483154,1.792936086654663,0.06335276325235437,0.5,True,第4轮-进行中,训练记录65,54,2000
000568,泸州老窖,2000-09-20,2000-11-01,1.6548914909362793,1.792936086654663,0.08341610097969808,0.5,True,第4轮-进行中,训练记录65,42,2000
000568,泸州老窖,2000-12-13,2001-01-12,1.9523447751998901,2.1232571601867676,0.08754211200702429,0.5,True,第4轮-进行中,训练记录65,30,2000
000568,泸州老窖,2000-12-19,2001-01-12,1.9013996124267578,2.1232571601867676,0.11668117859604105,0.5,True,第4轮-进行中,训练记录65,24,2000
000568,泸州老窖,2001-01-19,2001-02-08,2.0690252780914307,1.9408410787582397,-0.06195390684227611,1.0,True,第4轮-进行中,训练记录65,20,2001
000568,泸州老窖,2001-02-28,2001-03-22,1.990142583847046,2.044374465942383,0.02725024957282405,1.0,True,第4轮-进行中,训练记录65,22,2001
300118,东方日升,2014-05-20,2014-05-27,7.467745304107666,7.9888811111450195,0.06978489300521544,1.0,True,第4轮-进行中,训练记录66,7,2014
300118,东方日升,2014-06-09,2014-08-20,7.765934944152832,8.04461669921875,0.035885151893494095,0.5,True,第4轮-进行中,训练记录66,72,2014
300118,东方日升,2014-06-25,2014-08-25,6.920599937438965,8.026039123535156,0.15973169899852208,0.5,True,第4轮-进行中,训练记录66,61,2014
300118,东方日升,2014-11-17,2014-12-24,8.704164505004883,7.42,-0.14753449389272114,0.5,False,第4轮-进行中,训练记录66,37,2014
300118,东方日升,2014-12-09,2014-12-24,8.648428916931152,7.42,-0.14204070227440266,0.5,False,第4轮-进行中,训练记录66,15,2014
600961,株冶集团,2008-09-05,2009-03-06,5.940798759460449,7.201863765716553,0.2122719616192882,0.5,True,第4轮-进行中,训练记录67,182,2008
600961,株冶集团,2008-09-12,2009-04-03,5.566420078277588,7.940769672393799,0.4265487621715578,0.5,True,第4轮-进行中,训练记录67,203,2008
600961,株冶集团,2009-04-17,2009-04-23,8.324999809265137,8.324999809265137,0.0,1.0,False,第4轮-进行中,训练记录67,6,2009
002006,精工科技,2016-05-27,2016-06-07,11.002264976501465,11.735750198364258,0.06666674756782934,1.0,True,第4轮-进行中,训练记录68,11,2016
603367,辰欣药业,2022-09-09,2022-11-18,11.08254337310791,12.777734756469727,0.15296050069835448,0.5,True,第4轮-进行中,训练记录69,70,2022
603367,辰欣药业,2022-09-21,2022-11-25,10.581275939941406,12.103302955627441,0.14384153899066196,0.5,True,第4轮-进行中,训练记录69,65,2022
603367,辰欣药业,2022-12-30,2023-04-12,11.483556747436523,12.89,0.12247453323879275,0.5,False,第4轮-进行中,训练记录69,103,2022
603367,辰欣药业,2023-01-20,2023-04-12,13.643558502197266,12.89,-0.05523181522444501,0.5,False,第4轮-进行中,训练记录69,82,2023
601360,三六零,2016-04-27,2016-06-13,11.30993366241455,12.197428703308105,0.07847040198324946,0.5,True,第4轮-进行中,训练记录70,47,2016
601360,三六零,2016-05-17,2016-06-13,10.49655532836914,12.197428703308105,0.162041100316215,0.5,True,第4轮-进行中,训练记录70,27,2016
601360,三六零,2016-07-04,2016-09-13,13.287492752075195,11.511441230773926,-0.1336634047099587,0.5,True,第4轮-进行中,训练记录70,71,2016
601360,三六零,2016-07-25,2016-09-13,13.05256462097168,11.511441230773926,-0.11807054283582065,0.5,True,第4轮-进行中,训练记录70,50,2016
601360,三六零,2016-10-24,2016-12-07,12.300797462463379,11.7,-0.048842155502254965,1.0,False,第4轮-进行中,训练记录70,44,2016
603229,奥翔药业,2018-10-30,2018-11-21,2.4238979816436768,2.716437339782715,0.12068963312583945,0.5,True,第4轮-进行中,训练记录71,22,2018
603229,奥翔药业,2018-12-03,2019-02-27,2.6224069595336914,2.651660680770874,0.011155294234875135,0.5,True,第4轮-进行中,训练记录71,86,2018
603229,奥翔药业,2018-12-12,2019-03-18,2.499122381210327,2.99017071723938,0.19648831114514592,0.5,True,第4轮-进行中,训练记录71,96,2018
603229,奥翔药业,2019-04-30,2019-05-20,2.891961097717285,2.6725564002990723,-0.07586709848600517,1.0,True,第4轮-进行中,训练记录71,20,2019
300359,全通教育,2015-12-21,2016-08-01,38.16746520996094,27.05,-0.2912812037373523,0.5,False,第4轮-进行中,训练记录72,224,2015
300359,全通教育,2015-12-30,2016-08-01,35.82475662231445,27.05,-0.24493555433810957,0.5,False,第4轮-进行中,训练记录72,215,2015
603040,新坐标,2019-11-12,2020-04-10,17.313329696655273,14.426902770996094,-0.1667170311102435,0.5,True,第4轮-进行中,训练记录73,150,2019
603040,新坐标,2019-11-22,2020-04-10,17.1773738861084,14.426902770996094,-0.16012174697650683,0.5,True,第4轮-进行中,训练记录73,140,2019
600794,保税科技,2000-06-07,2000-07-19,1.2170664072036743,1.359071969985962,0.11667856572309712,0.5,True,第4轮-进行中,训练记录74,42,2000
600794,保税科技,2000-06-07,2000-07-24,1.2170664072036743,1.3233526945114136,0.08732989973155376,0.5,True,第4轮-进行中,训练记录74,47,2000
002393,力生制药,2023-01-18,2023-06-02,14.636808395385742,16.30673599243164,0.11409096518420939,0.5,True,第4轮-进行中,训练记录75,135,2023
002393,力生制药,2023-04-14,2023-06-02,15.415221214294434,16.30673599243164,0.057833408015611945,0.5,True,第4轮-进行中,训练记录75,49,2023
002393,力生制药,2023-07-28,2023-08-31,16.927608489990234,14.19,-0.16172446873455626,0.5,False,第4轮-进行中,训练记录75,34,2023
603693,江苏新能,2020-03-11,2020-06-24,6.7021589279174805,9.367134094238281,0.397629360178254,0.5,True,第4轮-进行中,训练记录76,105,2020
603693,江苏新能,2020-03-20,2020-09-23,6.146053314208984,9.32,0.5164202982836494,0.5,False,第4轮-进行中,训练记录76,187,2020
600206,有研新材,2016-11-21,2017-02-15,10.736626625061035,9.453211784362793,-0.11953613416178066,0.5,True,第4轮-进行中,训练记录77,86,2016
600206,有研新材,2016-12-07,2017-02-15,10.219429016113281,9.453211784362793,-0.07497652075692003,0.5,True,第4轮-进行中,训练记录77,70,2016
600206,有研新材,2017-02-28,2017-03-29,9.740543365478516,9.367012023925781,-0.038348101079922065,0.5,True,第4轮-进行中,训练记录77,29,2017
600206,有研新材,2017-03-02,2017-03-29,9.845897674560547,9.367012023925781,-0.04863808933055358,0.5,True,第4轮-进行中,训练记录77,27,2017
600206,有研新材,2017-04-21,2017-05-05,8.907281875610352,8.667838096618652,-0.02688180101803412,1.0,True,第4轮-进行中,训练记录77,14,2017
600206,有研新材,2017-05-16,2017-06-01,8.552906036376953,7.8345770835876465,-0.08398653624091418,1.0,True,第4轮-进行中,训练记录77,16,2017
002055,得润电子,2022-09-02,2023-04-14,10.720000267028809,9.79,-0.08675375409170316,0.5,False,第4轮-进行中,训练记录78,224,2022
002055,得润电子,2022-09-13,2023-04-14,10.390000343322754,9.79,-0.05774786559158792,0.5,False,第4轮-进行中,训练记录78,213,2022
600636,*ST国化,2015-12-07,2016-07-18,14.853187561035156,12.86,-0.1341925800670524,1.0,False,第4轮-进行中,训练记录79,224,2015
002938,鹏鼎控股,2025-05-09,2025-06-20,28.382036209106445,30.200000762939453,0.06405335193144844,1.0,True,第4轮-进行中,训练记录81,42,2025
002938,鹏鼎控股,2025-08-07,2025-08-14,48.52000045776367,52.45000076293945,0.08099753231859137,0.5,True,第4轮-进行中,训练记录81,7,2025
002938,鹏鼎控股,2025-09-10,2025-09-15,51.599998474121094,54.29999923706055,0.05232559772833292,0.5,True,第4轮-进行中,训练记录81,5,2025
002938,鹏鼎控股,2025-09-30,2025-10-10,56.06999969482422,54.150001525878906,-0.03424287817719653,0.5,True,第4轮-进行中,训练记录81,10,2025
601858,中国科传,2023-07-07,2023-07-31,31.057504653930664,28.493511199951172,-0.08255632519578456,1.0,True,第4轮-进行中,训练记录82,24,2023
601858,中国科传,2023-09-07,2023-12-07,30.03002166748047,29.81,-0.007326723567393614,0.5,False,第4轮-进行中,训练记录82,91,2023
601858,中国科传,2023-09-13,2023-12-07,30.214792251586914,29.81,-0.013397154884149673,0.5,False,第4轮-进行中,训练记录82,85,2023
600531,豫光金铅,2022-04-13,2022-11-23,5.10571813583374,5.07,-0.006995712431334078,0.5,False,第4轮-进行中,训练记录83,224,2022
600531,豫光金铅,2022-04-28,2022-11-23,4.15920352935791,5.07,0.21898338569228354,0.5,False,第4轮-进行中,训练记录83,209,2022
000725,京东方Ａ,2015-03-06,2015-03-19,2.715282678604126,3.301438570022583,0.21587287984313602,0.5,True,第4轮-进行中,训练记录84,13,2015
000725,京东方Ａ,2015-03-10,2015-03-23,2.732522487640381,3.4824576377868652,0.27444793356269026,0.5,True,第4轮-进行中,训练记录84,13,2015
600608,*ST沪科,2013-03-08,2013-03-21,6.53000020980835,7.210000038146973,0.10413473300004389,0.5,True,第4轮-进行中,训练记录85,13,2013
600608,*ST沪科,2013-03-15,2013-04-22,6.329999923706055,7.230000019073486,0.142180111566337,0.5,True,第4轮-进行中,训练记录85,38,2013
600608,*ST沪科,2013-04-09,2013-05-28,6.96999979019165,6.289999961853027,-0.09756095391789465,0.5,True,第4轮-进行中,训练记录85,49,2013
600608,*ST沪科,2013-05-03,2013-05-28,6.659999847412109,6.289999961853027,-0.05555553964507277,0.5,True,第4轮-进行中,训练记录85,25,2013
600608,*ST沪科,2013-06-21,2013-08-21,6.139999866485596,6.380000114440918,0.03908798911630812,0.5,True,第4轮-进行中,训练记录85,61,2013
600608,*ST沪科,2013-06-27,2013-08-21,5.400000095367432,6.380000114440918,0.18148148180853027,0.5,True,第4轮-进行中,训练记录85,55,2013
002353,杰瑞股份,2023-02-10,2023-08-25,29.834726333618164,27.71,-0.07121655180808525,0.5,False,第4轮-进行中,训练记录86,196,2023
002353,杰瑞股份,2023-02-24,2023-08-25,29.304332733154297,27.71,-0.0544060411705093,0.5,False,第4轮-进行中,训练记录86,182,2023
600903,贵州燃气,2019-12-24,2020-01-16,14.774927139282227,14.154050827026367,-0.04202229265856277,1.0,True,第4轮-进行中,训练记录87,23,2019
600903,贵州燃气,2020-02-05,2020-04-30,11.563830375671387,9.507176399230957,-0.17785231273949934,1.0,True,第4轮-进行中,训练记录87,85,2020
600903,贵州燃气,2020-07-03,2020-08-07,9.906193733215332,10.9,0.1003217071610915,1.0,False,第4轮-进行中,训练记录87,35,2020
002353,杰瑞股份,2025-08-04,2025-08-06,39.164615631103516,40.15170669555664,0.025203644885747407,0.5,True,第4轮-进行中,训练记录88,2,2025
600537,亿晶光电,2010-01-29,2010-02-05,11.065460205078125,10.23449420928955,-0.07509547550559442,1.0,True,第4轮-进行中,训练记录89,7,2010
600537,亿晶光电,2010-02-11,2010-02-25,10.056095123291016,11.309586524963379,0.12464991493260044,1.0,True,第4轮-进行中,训练记录89,14,2010
600537,亿晶光电,2010-07-02,2010-07-13,8.544394493103027,9.765022277832031,0.14285714285714285,0.5,True,第4轮-进行中,训练记录89,11,2010
600537,亿晶光电,2010-07-02,2010-07-15,8.544394493103027,9.79788589477539,0.14670336238386142,0.5,True,第4轮-进行中,训练记录89,13,2010
688669,聚石化学,2022-09-27,2022-09-30,18.70655059814453,17.466960906982422,-0.06626500618906524,1.0,True,第4轮-进行中,训练记录91,3,2022
688669,聚石化学,2022-10-26,2022-11-09,19.517919540405273,17.068788528442383,-0.1254811511489629,1.0,True,第4轮-进行中,训练记录91,14,2022
688669,聚石化学,2022-12-05,2022-12-16,17.219043731689453,18.098026275634766,0.05104711722914422,1.0,True,第4轮-进行中,训练记录91,11,2022
688669,聚石化学,2023-01-03,2023-02-13,16.47528839111328,20.156497955322266,0.22343824744182428,0.5,True,第4轮-进行中,训练记录91,41,2023
688669,聚石化学,2023-01-03,2023-02-20,16.47528839111328,21.035480499267578,0.2767898199957489,0.5,True,第4轮-进行中,训练记录91,48,2023
688669,聚石化学,2023-02-27,2023-03-07,20.689897537231445,19.322589874267578,-0.06608576289483303,1.0,True,第4轮-进行中,训练记录91,8,2023
688669,聚石化学,2023-03-24,2023-04-04,19.53294563293457,18.593862533569336,-0.048076880825483025,0.5,True,第4轮-进行中,训练记录91,11,2023
688669,聚石化学,2023-03-29,2023-04-04,18.7891902923584,18.593862533569336,-0.010395751799294016,0.5,True,第4轮-进行中,训练记录91,6,2023
688669,聚石化学,2023-04-17,2023-04-21,19.02959632873535,17.992849349975586,-0.05448076568992909,1.0,True,第4轮-进行中,训练记录91,4,2023
600498,烽火通信,2005-06-30,2005-08-18,1.910324215888977,1.7951388359069824,-0.06029624658680917,1.0,True,第4轮-进行中,训练记录92,49,2005
600498,烽火通信,2005-09-23,2005-10-27,1.8257062435150146,1.683984637260437,-0.07762563487854562,0.5,True,第4轮-进行中,训练记录92,34,2005
600498,烽火通信,2005-10-13,2005-10-27,1.761792540550232,1.683984637260437,-0.044164055357786024,0.5,True,第4轮-进行中,训练记录92,14,2005
600498,烽火通信,2005-11-25,2005-12-14,1.8979562520980835,1.8979562520980835,0.0,1.0,False,第4轮-进行中,训练记录92,19,2005
300742,越博退,2021-07-20,2021-07-27,14.177778244018555,14.477778434753418,0.021159887365386744,1.0,True,第4轮-进行中,训练记录93,7,2021
300742,越博退,2021-08-30,2021-08-31,16.822223663330078,17.205556869506836,0.02278730885099136,0.5,True,第4轮-进行中,训练记录93,1,2021
300742,越博退,2021-08-30,2021-09-01,16.822223663330078,16.394445419311523,-0.02542935182529091,0.5,True,第4轮-进行中,训练记录93,2,2021
300742,越博退,2021-09-23,2021-09-27,17.69444465637207,15.783333778381348,-0.10800626496647349,1.0,True,第4轮-进行中,训练记录93,4,2021
300742,越博退,2021-12-15,2021-12-29,23.305557250976562,20.0,-0.14183558090369416,1.0,True,第4轮-进行中,训练记录93,14,2021
300236,上海新阳,2016-10-10,2016-11-17,24.534448623657227,26.667877197265625,0.08695645075761964,0.5,True,第4轮-进行中,训练记录94,38,2016
300236,上海新阳,2016-10-10,2016-11-22,24.534448623657227,27.824556350708008,0.13410155563383278,0.5,True,第4轮-进行中,训练记录94,43,2016
300236,上海新阳,2016-12-01,2016-12-14,26.944194793701172,24.45733642578125,-0.09229662964362485,0.5,True,第4轮-进行中,训练记录94,13,2016
300236,上海新阳,2016-12-08,2016-12-14,26.430116653442383,24.45733642578125,-0.07464137421444898,0.5,True,第4轮-进行中,训练记录94,6,2016
300236,上海新阳,2016-12-28,2017-01-13,24.09748077392578,22.24679183959961,-0.07680010004733252,0.5,True,第4轮-进行中,训练记录94,16,2016
300236,上海新阳,2017-01-20,2017-02-22,21.237911224365234,22.36,0.05283423420413617,1.0,False,第4轮-进行中,训练记录94,33,2017
000828,东莞控股,2021-09-01,2022-04-20,9.418938636779785,9.418938636779785,0.0,1.0,False,第4轮-进行中,训练记录95,231,2021
603603,退市博天,2018-11-30,2019-01-16,13.370386123657227,13.370386123657227,0.0,1.0,False,第4轮-进行中,训练记录96,47,2018
002294,信立泰,2017-11-29,2017-12-06,31.552156448364258,33.41636276245117,0.059083325006255134,1.0,True,第4轮-进行中,训练记录97,7,2017
002294,信立泰,2018-01-22,2018-01-30,36.16040802001953,33.87805938720703,-0.06311733627421794,1.0,True,第4轮-进行中,训练记录97,8,2018
600823,*ST世茂,2010-05-10,2010-06-21,2.7458224296569824,3.2535202503204346,0.18489827134483547,0.5,True,第4轮-进行中,训练记录98,42,2010
600823,*ST世茂,2010-05-10,2010-08-17,2.7458224296569824,3.7851412296295166,0.37850910850865527,0.5,True,第4轮-进行中,训练记录98,99,2010
600823,*ST世茂,2010-09-30,2010-10-15,3.152512311935425,4.117404460906982,0.3060708582543744,0.5,True,第4轮-进行中,训练记录98,15,2010
600823,*ST世茂,2010-12-08,2010-12-14,3.718688726425171,3.718688726425171,0.0,0.5,False,第4轮-进行中,训练记录98,6,2010
688329,艾隆科技,2022-08-23,2022-09-19,40.24949264526367,33.3300895690918,-0.1719128024086065,0.5,True,第4轮-进行中,训练记录99,27,2022
688329,艾隆科技,2022-08-30,2022-09-19,37.0919075012207,33.3300895690918,-0.10141883191111441,0.5,True,第4轮-进行中,训练记录99,20,2022
688329,艾隆科技,2022-09-27,2023-03-22,36.195308685302734,36.99,0.021955644075497428,0.5,False,第4轮-进行中,训练记录99,176,2022
688329,艾隆科技,2022-12-28,2023-03-22,35.39616394042969,36.99,0.045028496936918815,0.5,False,第4轮-进行中,训练记录99,84,2022
603790,雅运股份,2022-04-14,2022-10-31,9.771028518676758,9.33,-0.04513634545572732,0.5,False,第4轮-进行中,训练记录100,200,2022
603790,雅运股份,2022-04-19,2022-10-31,9.74200439453125,9.33,-0.04229154266883023,0.5,False,第4轮-进行中,训练记录100,195,2022
600848,上海临港,2022-06-07,2022-07-25,12.707956314086914,11.397566795349121,-0.10311567700978097,0.5,True,第4轮-进行中,训练记录101,48,2022
600848,上海临港,2022-06-13,2022-07-25,12.578848838806152,11.397566795349121,-0.09391018674242577,0.5,True,第4轮-进行中,训练记录101,42,2022
600848,上海临港,2022-08-05,2022-08-18,11.491839408874512,11.840648651123047,0.03035277729161174,1.0,True,第4轮-进行中,训练记录101,13,2022
600848,上海临港,2022-08-26,2023-01-12,11.972630500793457,11.18,-0.06620353820665623,1.0,False,第4轮-进行中,训练记录101,139,2022
002630,ST华西,2019-10-22,2020-06-03,2.5199999809265137,2.1,-0.16666666035929675,1.0,False,第4轮-进行中,训练记录102,225,2019
603530,神马电力,2022-05-30,2022-06-07,10.773374557495117,11.3782958984375,0.05614966208721802,0.5,True,第4轮-进行中,训练记录103,8,2022
603530,神马电力,2022-06-13,2022-06-28,11.178868293762207,20.55594253540039,0.8388214258567281,1.0,True,第4轮-进行中,训练记录103,15,2022
603530,神马电力,2022-07-18,2022-08-02,14.937448501586914,16.099897384643555,0.07782111402313087,1.0,True,第4轮-进行中,训练记录103,15,2022
603530,神马电力,2022-10-24,2022-11-08,13.029097557067871,13.581260681152344,0.04237923015511859,0.5,True,第4轮-进行中,训练记录103,15,2022
603530,神马电力,2022-11-01,2022-11-08,13.155029296875,13.581260681152344,0.03240064120409034,0.5,True,第4轮-进行中,训练记录103,7,2022
000301,东方盛虹,2019-02-27,2019-03-08,4.99298095703125,5.475574016571045,0.0966542960393619,0.5,True,第4轮-进行中,训练记录104,9,2019
000301,东方盛虹,2019-02-27,2019-04-08,4.99298095703125,6.171621799468994,0.23605955091375833,0.5,True,第4轮-进行中,训练记录104,40,2019
000301,东方盛虹,2019-03-28,2019-04-25,5.45701265335083,5.633345127105713,0.03231300437733224,0.5,True,第4轮-进行中,训练记录104,28,2019
000301,东方盛虹,2019-05-10,2019-06-06,5.104348659515381,5.289961338043213,0.03636363636363636,0.5,True,第4轮-进行中,训练记录104,27,2019
000301,东方盛虹,2019-05-10,2019-08-21,5.104348659515381,4.873865604400635,-0.04515425385079959,0.5,True,第4轮-进行中,训练记录104,103,2019
000301,东方盛虹,2019-07-15,2019-08-21,5.14778470993042,4.873865604400635,-0.05321106475206256,0.5,True,第4轮-进行中,训练记录104,37,2019
000301,东方盛虹,2019-08-27,2019-09-09,4.845529556274414,5.14778470993042,0.062378146732098565,0.5,True,第4轮-进行中,训练记录104,13,2019
000301,东方盛虹,2019-09-02,2019-09-17,4.921093463897705,5.157230377197266,0.04798464305380832,0.5,True,第4轮-进行中,训练记录104,15,2019
002867,周大生,2025-06-10,2025-09-10,13.216824531555176,14.094074249267578,0.06637371296092856,0.5,True,第4轮-进行中,训练记录105,92,2025
002867,周大生,2025-06-10,2025-10-20,13.216824531555176,13.426667213439941,0.015876936353642745,0.5,True,第4轮-进行中,训练记录105,132,2025
002867,周大生,2025-09-29,2025-10-20,13.338334083557129,13.426667213439941,0.006622500930735078,0.5,True,第4轮-进行中,训练记录105,21,2025
002867,周大生,2025-10-24,2025-11-04,13.387408256530762,12.837778091430664,-0.04105575586909978,0.5,True,第4轮-进行中,训练记录105,11,2025
002867,周大生,2026-01-08,2026-01-16,12.119999885559082,12.23,0.009075917118776788,1.0,False,第4轮-进行中,训练记录105,8,2026
600543,莫高股份,2023-12-15,2024-02-01,5.829999923706055,5.0,-0.1423670556720067,0.5,True,第4轮-进行中,训练记录106,48,2023
600543,莫高股份,2024-01-19,2024-02-01,5.849999904632568,5.0,-0.14529913136570485,0.5,True,第4轮-进行中,训练记录106,13,2024
600543,莫高股份,2024-02-19,2024-02-23,4.460000038146973,5.309999942779541,0.19058293662834222,1.0,True,第4轮-进行中,训练记录106,4,2024
600543,莫高股份,2024-06-12,2024-06-14,5.0,4.679999828338623,-0.06400003433227539,1.0,True,第4轮-进行中,训练记录106,2,2024
603843,*ST正平,2019-02-28,2019-03-21,5.723404407501221,6.618998050689697,0.15647918256740545,0.5,True,第4轮-进行中,训练记录107,21,2019
603843,*ST正平,2019-04-17,2019-07-02,7.12976598739624,5.548483371734619,-0.22178604717980355,0.5,True,第4轮-进行中,训练记录107,76,2019
603843,*ST正平,2019-05-13,2019-07-02,5.73739767074585,5.548483371734619,-0.03292682673444039,0.5,True,第4轮-进行中,训练记录107,50,2019
603843,*ST正平,2019-08-13,2019-08-30,5.182138919830322,5.103472709655762,-0.015180258845151975,1.0,True,第4轮-进行中,训练记录107,17,2019
002537,海联金汇,2018-01-31,2018-03-02,9.84546947479248,10.576226234436035,0.07422264235489465,0.5,True,第4轮-进行中,训练记录108,30,2018
002537,海联金汇,2018-02-22,2018-03-13,9.302339553833008,11.247733116149902,0.20912949382881854,0.5,True,第4轮-进行中,训练记录108,19,2018
002537,海联金汇,2018-04-27,2018-05-30,11.168732643127441,10.112096786499023,-0.09460660312955091,0.5,True,第4轮-进行中,训练记录108,33,2018
002537,海联金汇,2018-05-21,2018-05-30,10.6651029586792,10.112096786499023,-0.05185193001162193,0.5,True,第4轮-进行中,训练记录108,9,2018
002537,海联金汇,2018-07-31,2018-09-12,9.620365142822266,9.86,0.024909122847226323,1.0,False,第4轮-进行中,训练记录108,43,2018
603266,天龙股份,2020-01-23,2020-03-30,11.540410995483398,9.487092018127441,-0.1779242505452856,0.5,True,第4轮-进行中,训练记录110,67,2020
603266,天龙股份,2020-03-03,2020-03-30,11.236215591430664,9.487092018127441,-0.15566838844185202,0.5,True,第4轮-进行中,训练记录110,27,2020
603266,天龙股份,2020-04-30,2020-07-06,10.13350772857666,11.848772048950195,0.16926659221233545,0.5,True,第4轮-进行中,训练记录110,67,2020
603266,天龙股份,2020-04-30,2020-08-04,10.13350772857666,12.212173461914062,0.2051279565787008,0.5,True,第4轮-进行中,训练记录110,96,2020
600865,百大集团,2015-12-14,2015-12-31,15.509866714477539,18.296527862548828,0.1796702189239387,1.0,True,第4轮-进行中,训练记录111,17,2015
600865,百大集团,2016-01-15,2016-04-15,11.427873611450195,12.194845199584961,0.06711411188222242,0.5,True,第4轮-进行中,训练记录111,91,2016
600865,百大集团,2016-02-02,2016-06-16,10.13254451751709,9.560213088989258,-0.056484472142055576,0.5,True,第4轮-进行中,训练记录111,135,2016
600865,百大集团,2016-05-03,2016-06-16,11.035865783691406,9.560213088989258,-0.1337142661596012,0.5,True,第4轮-进行中,训练记录111,44,2016
300017,网宿科技,2021-04-12,2021-11-23,5.928397178649902,5.7,-0.03852595765216864,0.5,False,第4轮-进行中,训练记录112,225,2021
300017,网宿科技,2021-04-16,2021-11-23,5.919031620025635,5.7,-0.03700463759723689,0.5,False,第4轮-进行中,训练记录112,221,2021
603028,赛福天,2020-11-04,2021-01-21,9.750932693481445,8.36117935180664,-0.14252517019257685,0.5,True,第4轮-进行中,训练记录113,78,2020
603028,赛福天,2020-11-20,2021-06-11,9.275093078613281,9.42,0.015623230964748842,0.5,False,第4轮-进行中,训练记录113,203,2020
603028,赛福天,2021-02-01,2021-06-11,8.03640079498291,9.42,0.17216652582594744,0.5,False,第4轮-进行中,训练记录113,130,2021
603045,福达合金,2021-02-03,2021-03-22,10.327392578125,12.084619522094727,0.1701520428004066,1.0,True,第4轮-进行中,训练记录114,47,2021
603045,福达合金,2021-05-11,2021-06-24,10.818238258361816,11.741026878356934,0.08529934338263069,0.5,True,第4轮-进行中,训练记录114,44,2021
000858,五 粮 液,2012-11-07,2013-06-19,23.582225799560547,18.378902435302734,-0.22064598178662068,0.5,False,第4轮-进行中,训练记录115,224,2012
000858,五 粮 液,2012-12-11,2013-06-19,18.378902435302734,18.378902435302734,0.0,0.5,False,第4轮-进行中,训练记录115,190,2012
002740,*ST爱迪,2019-08-20,2019-10-30,6.199999809265137,8.149999618530273,0.3145161079442457,1.0,True,第4轮-进行中,训练记录116,71,2019
002740,*ST爱迪,2019-11-06,2020-01-07,6.409999847412109,7.389999866485596,0.1528861220596033,1.0,True,第4轮-进行中,训练记录116,62,2019
002740,*ST爱迪,2020-03-18,2020-04-03,8.220000267028809,8.220000267028809,0.0,1.0,False,第4轮-进行中,训练记录116,16,2020
002486,嘉麟杰,2020-03-24,2020-04-09,3.4962353706359863,5.368862628936768,0.5356124687795659,0.5,True,第4轮-进行中,训练记录117,16,2020
002486,嘉麟杰,2020-03-25,2020-04-09,3.685490131378174,5.368862628936768,0.456756750812165,0.5,True,第4轮-进行中,训练记录117,15,2020
002486,嘉麟杰,2020-04-21,2020-05-11,4.452470302581787,4.0241570472717285,-0.09619676858073574,0.5,True,第4轮-进行中,训练记录117,20,2020
002486,嘉麟杰,2020-04-22,2020-05-11,4.591921806335449,4.0241570472717285,-0.12364425680776593,0.5,True,第4轮-进行中,训练记录117,19,2020
002486,嘉麟杰,2020-07-01,2020-07-14,3.994274854660034,4.342902183532715,0.08728175740483775,0.5,True,第4轮-进行中,训练记录117,13,2020
002486,嘉麟杰,2020-07-01,2020-09-09,3.994274854660034,4.003239154815674,0.0022442872565920677,0.5,True,第4轮-进行中,训练记录117,70,2020
002486,嘉麟杰,2020-07-20,2020-09-09,4.2532548904418945,4.003239154815674,-0.05878221316763011,0.5,True,第4轮-进行中,训练记录117,51,2020
300815,玉禾田,2024-04-29,2024-10-18,13.176365852355957,14.501961708068848,0.10060405657876233,0.5,True,第4轮-进行中,训练记录118,172,2024
300815,玉禾田,2024-05-27,2024-10-18,12.963531494140625,14.501961708068848,0.11867369741212697,0.5,True,第4轮-进行中,训练记录118,144,2024
300961,深水海纳,2023-08-04,2023-08-25,11.149999618530273,11.9399995803833,0.07085201693999345,0.5,True,第4轮-进行中,训练记录119,21,2023
300961,深水海纳,2023-08-30,2023-12-29,11.520000457763672,11.229999542236328,-0.02517368958365826,0.5,True,第4轮-进行中,训练记录119,121,2023
300961,深水海纳,2023-09-28,2023-12-29,10.720000267028809,11.229999542236328,0.047574558069378915,0.5,True,第4轮-进行中,训练记录119,92,2023
300961,深水海纳,2024-03-07,2024-03-12,8.300000190734863,8.72,0.050602385495602205,1.0,False,第4轮-进行中,训练记录119,5,2024
603180,金牌家居,2022-07-19,2022-09-14,23.750484466552734,25.32403564453125,0.06625343496443249,0.5,True,第4轮-进行中,训练记录120,57,2022
603180,金牌家居,2022-07-26,2022-09-14,23.925323486328125,25.32403564453125,0.058461577708757186,0.5,True,第4轮-进行中,训练记录120,50,2022
603180,金牌家居,2022-09-21,2022-12-06,24.118566513061523,27.495718002319336,0.14002289428888323,0.5,True,第4轮-进行中,训练记录120,76,2022
603180,金牌家居,2022-11-04,2022-12-23,23.43761444091797,26.49269676208496,0.13034954256408254,0.5,True,第4轮-进行中,训练记录120,49,2022
300651,金陵体育,2024-11-19,2024-12-17,13.613751411437988,17.421655654907227,0.27971013487655705,0.5,True,第4轮-进行中,训练记录121,28,2024
300651,金陵体育,2024-12-06,2024-12-17,14.481874465942383,17.421655654907227,0.20299728435558861,0.5,True,第4轮-进行中,训练记录121,11,2024
300651,金陵体育,2025-01-09,2025-03-11,12.025480270385742,14.402955055236816,0.19770310469062138,0.5,True,第4轮-进行中,训练记录121,61,2025
300651,金陵体育,2025-02-20,2025-03-24,13.327665328979492,13.643346786499023,0.023686178316101456,0.5,True,第4轮-进行中,训练记录121,32,2025
300651,金陵体育,2025-05-13,2025-05-21,13.959027290344238,14.984991073608398,0.07349822891841766,0.5,True,第4轮-进行中,训练记录121,8,2025
600576,祥源文旅,2026-01-05,2026-08-18,6.289999961853027,5.38,-0.14467408066326004,0.5,False,第4轮-进行中,训练记录122,225,2026
600576,祥源文旅,2026-03-27,2026-08-18,6.150000095367432,5.38,-0.12520326559790534,0.5,False,第4轮-进行中,训练记录122,144,2026
000630,铜陵有色,2016-02-19,2016-04-22,2.3335509300231934,2.4110488891601562,0.033210314006813915,1.0,True,第4轮-进行中,训练记录123,63,2016
000630,铜陵有色,2016-07-15,2016-08-08,2.402438163757324,2.24,-0.06761387918649975,0.5,False,第4轮-进行中,训练记录123,24,2016
688559,海目星,2024-07-22,2025-03-07,32.20000076293945,33.16,0.02981364019610376,0.5,False,其他训练,训练记录1,228,2024
688559,海目星,2024-07-23,2025-03-07,31.3799991607666,33.16,0.05672405630459266,0.5,False,其他训练,训练记录1,227,2024
