id,round,code,stockName,date,price,weight,pairedSellDate,pairedSellPrice,pnlPct,holdDays,estimated,sellDeferred,postTrade10,postTrade20,postTrade60,score,method,variance,sub_signal,sub_timing,sub_sizing,sub_risk,sub_process,sub_std_signal,sub_std_timing,sub_std_sizing,sub_std_risk,sub_std_process,usage_total_tokens
h-第1轮-0069,第1轮,002385,大北农,2014-01-13,5.97,0.5,2014-01-17,5.58,-6.53,4,False,False,-4.3,-5.38,-16.49,0.0386,logprobs,0.0064,0,0.0006,0.1923,0,0,0,0.0006,0.0238,0,0,16765
h-第1轮-0072,第1轮,002385,大北农,2014-02-18,5.39,0.5,2014-02-27,4.91,-8.91,9,False,False,2.04,-2.85,-9.78,0.0707,logprobs,0.0158,0,0,0.2189,0,0.1344,0,0,0.0438,0,0.1901,29036
h-第1轮-0089,第1轮,002090,金智科技,2014-12-30,7.77,0.5,2015-01-06,8.28,6.56,7,False,False,5.56,5.07,90.1,0.347,logprobs,0.1042,0.2806,0.6842,0.2281,0.0418,0.5,0.1509,0.2274,0.0248,0.059,0.5,61978
h-第1轮-0094,第1轮,002552,宝鼎科技,2015-08-06,15.91,1.0,2015-11-03,13.17,-17.22,89,True,False,24.15,21.64,-8.88,0.0632,mixed,0.0071,0,0,0.0526,0,0.2632,0,0,0.0744,0,0,56043
h-第1轮-0093,第1轮,002552,宝鼎科技,2015-04-28,12.78,1.0,2015-06-29,18.17,42.18,62,False,False,-6.6,-19.04,-26.03,0.086,mixed,0.0232,0,0.1316,0.1053,0,0.193,0,0.0263,0.0744,0,0.2729,55710
h-第4轮-0091,第4轮,600865,百大集团,2016-02-02,10.13,0.5,2016-06-16,9.56,-5.63,135,False,False,6.38,10.98,14.64,0.0877,logprobs,0.0144,0.2456,0,0.1928,0,0,0.0894,0,0.0247,0,0,52937
h-第1轮-0100,第1轮,603022,新通联,2016-07-26,20.97,0.5,2016-10-20,22.9,9.2,86,False,False,-3.49,11.44,-9.26,0.1021,mixed,0.0065,0.0527,0.193,0.1579,0.0368,0.0702,0.0745,0.0248,0,0.052,0.0656,68045
h-第4轮-0107,第4轮,002370,亚太药业,2016-12-14,14.91,0.5,2017-01-17,13.77,-7.65,34,False,False,2.54,7.63,7.77,0.0983,mixed,0.0262,0.3335,0,0.158,0,0,0.1788,0,0.0001,0,0,56353
h-第1轮-0099,第1轮,603022,新通联,2016-07-22,20.63,0.5,2016-10-19,24.02,16.43,89,False,False,-9.33,-3.41,-12.61,0.0742,logprobs,0.0063,0.106,0.1582,0.1054,0,0.0015,0.0749,0.0003,0.0746,0,0,53357
h-第1轮-0111,第1轮,300103,达刚控股,2017-05-26,11.92,1.0,2017-06-14,12.29,3.1,19,False,False,3.17,0.49,4.96,0.0633,logprobs,0.0086,0.1228,0.1403,0,0,0.0534,0.0895,0.1079,0,0,0.0755,60613
h-第4轮-0118,第4轮,600206,有研新材,2017-04-21,8.87,1.0,2017-05-05,8.63,-2.71,14,False,False,-1.97,-9.27,10.43,0.0632,logprobs,0.0048,0.1057,0.0527,0.0526,0.1053,0,0.053,0.0745,0.0744,0,0,44198
h-第4轮-0111,第4轮,300140,节能环境,2017-02-28,15.96,0.5,2017-03-31,16.26,1.88,31,False,False,-11.44,-14.15,5.35,0.0948,logprobs,0.0113,0.0526,0.211,0.2105,0,0,0.0744,0.0417,0.0426,0,0,52862
h-第4轮-0121,第4轮,600206,有研新材,2017-05-16,8.51,1.0,2017-06-01,7.8,-8.34,16,False,False,6.28,6.79,24.87,0.1175,mixed,0.0207,0.2626,0.1404,0.1054,0,0.0789,0.1963,0.1081,0.0743,0,0.0789,58271
h-第1轮-0106,第1轮,300103,达刚控股,2017-02-24,15.1,1.0,2017-03-09,14.41,-4.57,13,False,False,23.8,15.2,-15.68,0.2983,logprobs,0.0802,0.2456,0.1053,0.1404,0,1,0.1627,0.0744,0.0249,0,0,50335
h-第1轮-0105,第1轮,300103,达刚控股,2017-02-06,13.34,0.5,2017-02-13,14.64,9.75,7,False,False,-0.27,0.34,-2.53,0.0948,logprobs,0.0096,0.1053,0.2105,0.1581,0,0,0.1053,0,0,0,0,26507
h-第1轮-0137,第1轮,601009,南京银行,2018-03-28,5.12,0.5,2018-05-08,5.54,8.2,41,False,False,-0.54,-4.33,-10.29,0.0792,logprobs,0.0063,0.079,0,0.1592,0,0.1579,0.079,0,0,0,0,28392
h-第1轮-0146,第1轮,300472,*ST新元,2018-05-29,16.76,0.5,2018-12-28,8.42,-49.76,213,True,False,2.97,-3.21,75.65,0.0467,logprobs,0.0603,0.2334,0,0,0,0,0.2334,0,0,0,0,11187
h-第1轮-0145,第1轮,300472,*ST新元,2018-05-28,16.76,0.5,2018-12-28,8.42,-49.76,214,True,False,2.97,-3.21,75.65,0.1473,logprobs,0.0472,0.2629,0,0,0,0.4737,0,0,0,0,0,16721
h-第4轮-0138,第4轮,603229,奥翔药业,2018-12-12,2.5,0.5,2019-03-18,2.99,19.6,96,False,False,9.7,4.35,-11.71,0.1789,logprobs,0.0416,0.4737,0,0.2103,0,0.2105,0,0,0,0,0,26971
h-第4轮-0157,第4轮,603580,*ST艾艾,2019-08-05,11.99,0.5,2019-09-11,12.31,2.67,37,False,False,-3.66,-0.65,-7.47,0.1506,logprobs,0.0446,0.421,0,0,0,0.3321,0,0,0,0,0.1741,25445
h-第1轮-0172,第1轮,300263,隆华科技,2019-09-24,4.64,0.5,2020-01-17,5.35,15.3,115,False,False,-3.18,22.99,38.32,0.1246,logprobs,0.007,0.1754,0.158,0.079,0,0.2104,0.0248,0.0001,0.079,0,0,48018
h-第1轮-0133,第1轮,601126,四方股份,2018-01-18,5.33,0.5,2018-03-20,4.84,-9.19,61,False,False,-0.41,-4.34,-29.34,0.2035,mixed,0.0784,0.281,0,0.4736,0,0.2632,0.1379,0,0.3718,0,0.2393,59527
h-第4轮-0168,第4轮,603580,*ST艾艾,2019-10-21,12.01,0.5,2020-03-18,10.74,-10.57,149,True,False,12.1,6.15,8.47,0.0281,logprobs,0.0037,0.053,0,0.0877,0,0,0.0748,0,0.0656,0,0,47548
h-第4轮-0167,第4轮,000301,东方盛虹,2019-09-02,4.92,0.5,2019-09-17,5.16,4.88,15,False,False,-7.17,-3.88,-5.43,0.0807,logprobs,0.0062,0,0.1053,0.158,0.0351,0.1053,0,0.0744,0.0429,0.0496,0.0744,62339
h-第4轮-0163,第4轮,603843,*ST正平,2019-08-13,5.19,1.0,2019-08-30,5.11,-1.54,17,False,False,7.83,-0.78,-11.55,0.4079,logprobs,0.1929,0.8418,0,0.1931,0.0045,1,0.2232,0,0.0244,0.0064,0,65626
h-第1轮-0174,第1轮,603861,白云电器,2019-11-01,8.62,0.5,2019-12-12,7.91,-8.24,41,True,False,4.3,7.33,4.68,0.0948,mixed,0.0285,0.1404,0,0.1228,0,0.2106,0.1082,0,0.0894,0,0.2977,60666
h-第4轮-0156,第4轮,002436,兴森科技,2019-07-24,6.15,1.0,2019-09-02,7.13,15.93,40,False,False,4.21,0.28,-3.37,0.2979,logprobs,0.0791,0.1842,0.2093,0.0959,0,1,0.0263,0.0017,0.0748,0,0,54221
h-第4轮-0148,第4轮,600496,精工钢构,2019-05-09,2.8,1.0,2019-06-17,2.74,-2.14,39,False,False,2.19,-4.74,-9.85,0.0764,logprobs,0.0068,0.0749,0.0351,0.0877,0,0.1842,0.096,0.0496,0.0657,0,0.0263,62583
h-第4轮-0182,第4轮,600903,贵州燃气,2020-02-05,11.56,1.0,2020-04-30,9.5,-17.82,85,False,False,3.47,6.53,14.42,0.0527,logprobs,0.0051,0.0527,0,0,0,0.2105,0.0745,0,0,0,0,49765
h-第1轮-0193,第1轮,601996,丰林集团,2020-08-27,2.56,0.5,2020-09-09,2.66,3.91,13,False,False,-7.14,-9.77,-1.13,0.0842,logprobs,0.0073,0.0703,0.1758,0.1747,0,0,0.0656,0.0247,0.0238,0,0,58014
h-第4轮-0192,第4轮,603266,天龙股份,2020-04-30,10.06,0.5,2020-07-06,11.77,17.0,67,False,False,0.25,5.18,-11.21,0.2701,logprobs,0.0863,0.2632,0.28,0.6491,0.0001,0.158,0.1488,0.1373,0.3282,0,0,55248
h-第1轮-0176,第1轮,000523,红棉股份,2020-01-09,7.24,0.5,2020-02-07,7.61,5.11,29,False,False,-6.31,-5.78,-26.02,0.1178,mixed,0.0069,0.1404,0.1932,0.1578,0.019,0.0789,0.0656,0.0494,0.0428,0.0267,0.0789,67222
h-第1轮-0186,第1轮,603090,宏盛股份,2020-03-05,16.12,0.5,2020-06-04,16.16,0.25,91,False,False,-6.81,-0.5,7.61,0.3524,mixed,0.1426,0.1576,0.0001,0.6114,0,0.993,0.1134,0.0002,0.0324,0,0.007,59058
h-第4轮-0181,第4轮,300415,伊之密,2020-02-05,6.89,0.5,2020-03-30,6.11,-11.32,54,False,False,-1.8,-8.18,10.8,0.0702,logprobs,0.0086,0.1755,0,0.1755,0,0,0.0247,0,0.0248,0,0,47803
h-第1轮-0197,第1轮,002876,三利谱,2020-10-15,31.28,0.5,2021-01-21,35.56,13.68,98,False,False,9.14,14.65,58.94,0.1444,mixed,0.0375,0.0526,0.2987,0.3166,0,0.0539,0.0744,0.2027,0.196,0,0.0539,65395
h-第1轮-0220,第1轮,603329,上海雅仕,2021-10-27,9.55,0.5,2021-11-02,9.11,-4.61,6,False,False,6.92,9.77,12.84,0.2176,mixed,0.0441,0.0702,0,0.2456,0.1933,0.5789,0.0991,0,0.1621,0.2029,0,58111
h-第1轮-0212,第1轮,603611,诺力股份,2021-06-17,11.43,0.5,2021-09-16,16.1,40.86,91,False,False,-5.96,11.43,0.19,0.1438,logprobs,0.0193,0.079,0.2455,0.1579,0,0.2368,0.079,0.0248,0.043,0,0.2368,63199
h-第1轮-0224,第1轮,300597,吉大通信,2021-11-16,9.01,1.0,2021-12-07,8.82,-2.11,21,False,False,4.99,7.48,3.74,0.0422,logprobs,0.0064,0.1403,0.0178,0.0527,0,0,0.1081,0.025,0.0745,0,0,56795
h-第1轮-0216,第1轮,300597,吉大通信,2021-10-18,9.19,1.0,2021-10-21,8.65,-5.88,3,False,False,-2.08,4.74,8.21,0.1263,mixed,0.0348,0.1053,0,0,0,0.5263,0.0744,0,0.0001,0,0.0526,54841
h-第1轮-0208,第1轮,000637,茂化实华,2021-05-14,3.91,0.5,2021-07-01,3.78,-3.32,48,False,False,4.23,3.97,13.76,0.0527,logprobs,0.0056,0.0528,0.0527,0.158,0,0,0.0746,0.0745,0.0001,0,0,59063
h-第1轮-0209,第1轮,688357,建龙微纳,2021-05-17,44.48,0.5,2021-06-08,47.44,6.65,22,False,False,22.47,72.11,69.9,0.186,mixed,0.0431,0,0.3687,0.1579,0,0.4035,0,0.2103,0,0,0.1789,64449
h-第1轮-0227,第1轮,300815,玉禾田,2021-12-31,19.31,1.0,2022-08-16,13.52,-29.98,228,True,False,1.48,5.62,-2.96,0.2105,mixed,0.0439,0.386,0.0351,0.1051,0,0.5263,0.1241,0.0496,0.0429,0,0.0526,60623
h-第1轮-0240,第1轮,300140,节能环境,2022-04-18,5.62,0.5,2022-04-19,5.81,3.38,1,False,False,-13.08,27.02,20.48,0.324,logprobs,0.102,0.3684,0.1641,0.2102,0,0.8772,0.1488,0.0654,0.0429,0,0.1737,61974
h-第4轮-0269,第4轮,301019,宁波色母,2022-11-22,14.05,1.0,2023-03-31,13.52,-3.77,129,False,False,-0.74,-4.14,1.48,0.0176,logprobs,0.0021,0.0877,0,0,0,0,0.0657,0,0,0,0,54892
h-第4轮-0237,第4轮,300848,美瑞新材,2022-04-22,9.1,0.5,2022-04-26,7.84,-13.85,4,False,False,14.29,22.45,16.71,0.0791,logprobs,0.0101,0.1049,0,0.2113,0,0.0792,0.1049,0,0.0421,0,0.0792,53569
h-第4轮-0236,第4轮,300848,美瑞新材,2022-04-21,9.91,0.5,2022-04-26,7.84,-20.89,5,False,False,14.29,22.45,16.71,0.1203,logprobs,0.0532,0.1998,0,0.4017,0,0,0.0307,0,0.312,0,0,45151
h-第1轮-0262,第1轮,002951,金时科技,2022-12-26,8.41,1.0,2023-01-05,8.59,2.14,10,False,False,-5.12,26.66,6.17,0.057,logprobs,0.0057,0.158,0.0526,0.0744,0,0,0.0001,0.0744,0.0713,0,0,52467
h-第1轮-0233,第1轮,603613,国联股份,2022-03-16,51.23,1.0,2022-03-22,52.54,2.56,6,False,False,-3.75,-10.37,10.26,0.1442,logprobs,0.047,0.0351,0.4213,0.2648,0,0,0.0496,0.1963,0.1511,0,0,47272
h-第4轮-0250,第4轮,603530,神马电力,2022-07-18,14.84,1.0,2022-08-02,16.0,7.82,15,False,False,3.44,-3.12,-17.69,0.0632,logprobs,0.0056,0.1055,0.1578,0,0,0.0526,0.0746,0.0001,0,0,0.0526,60678
h-第4轮-0260,第4轮,002055,得润电子,2022-09-13,10.39,0.5,2023-04-14,9.79,-5.77,213,True,False,-13.99,-17.36,5.11,0.2981,logprobs,0.1147,0.2804,0,0.2104,0,1,0.1383,0,0.0426,0,0,58150
h-第4轮-0240,第4轮,601163,三角轮胎,2022-04-29,9.39,1.0,2022-09-22,10.16,8.2,146,False,False,-3.15,8.96,9.06,0.2211,mixed,0.075,0.3158,0.2106,0.0527,0,0.5263,0.129,0.0744,0.0745,0,0.4099,69976
h-第1轮-0243,第1轮,300140,节能环境,2022-06-20,6.68,1.0,2022-07-12,6.36,-4.79,22,False,False,10.38,7.86,-1.89,0.1491,logprobs,0.0158,0.3417,0.0877,0.158,0,0.1582,0.1319,0.0656,0.0429,0,0.0003,69231
h-第1轮-0238,第1轮,603613,国联股份,2022-04-06,51.17,1.0,2022-04-11,49.05,-4.14,5,False,False,-18.14,-0.82,23.61,0.0703,logprobs,0.0076,0.1228,0.0526,0.0702,0.0531,0.0526,0.0894,0.0744,0.0992,0.075,0.0744,62508
h-第4轮-0262,第4轮,603180,金牌家居,2022-09-21,23.95,0.5,2022-12-06,27.31,14.03,76,False,False,-0.11,-1.57,35.23,0.1788,logprobs,0.0635,0.4552,0.2279,0.1933,0.0176,0,0.3838,0.0247,0.0246,0.0249,0,43966
h-第4轮-0229,第4轮,002990,盛视科技,2022-02-21,27.66,1.0,2022-03-07,24.39,-11.82,14,False,False,11.15,1.27,-2.05,0.0456,logprobs,0.01,0.2279,0,0,0,0,0.0247,0,0,0,0,45594
h-第4轮-0289,第4轮,688669,聚石化学,2023-04-17,19.03,1.0,2023-04-21,17.99,-5.47,4,False,False,-5.17,0.5,-0.44,0.0509,logprobs,0.0053,0.0702,0,0.0002,0.079,0.1054,0.0992,0,0.0003,0.079,0,49843
h-第4轮-0288,第4轮,002393,力生制药,2023-04-14,12.49,0.5,2023-06-02,13.22,5.84,49,False,False,0.53,2.34,10.51,0.221,mixed,0.0355,0.158,0.21,0.1579,0.0001,0.5789,0.0001,0,0,0.0002,0,54768
h-第1轮-0311,第1轮,000068,华控赛格,2023-10-18,3.59,1.0,2023-10-23,3.46,-3.62,5,False,False,2.6,7.51,6.65,0.1629,mixed,0.0566,0.193,0.158,0.0573,0,0.406,0.0248,0.0001,0.081,0,0.4219,66564
h-第4轮-0282,第4轮,002353,杰瑞股份,2023-02-10,29.7,0.5,2023-08-25,27.71,-6.7,196,True,False,6.53,9.06,0.32,0.0913,logprobs,0.0228,0.1579,0,0.2986,0,0,0.043,0,0.174,0,0,56395
h-第1轮-0272,第1轮,605003,众望布艺,2023-03-15,17.66,0.5,2023-03-23,18.21,3.11,8,False,False,-2.97,-7.19,-5.88,0.1768,logprobs,0.0568,0.1053,0.2106,0.183,0,0.3852,0.0745,0.0741,0.0215,0,0.4378,55187
h-第1轮-0288,第1轮,002103,广博股份,2023-06-01,6.0,0.5,2023-06-09,6.27,4.5,8,False,False,-3.83,-5.1,-1.59,0.2088,logprobs,0.0308,0.1579,0.5,0.2806,0,0.1052,0,0.0263,0.1382,0,0.0744,58137
h-第4轮-0299,第4轮,300961,深水海纳,2023-08-30,11.52,0.5,2023-12-29,11.23,-2.52,121,False,False,3.56,-4.63,-14.43,0.2667,mixed,0.0718,0.1754,0.2808,0.2983,0,0.579,0.0248,0.2119,0.1311,0,0.3437,71537
h-第1轮-0293,第1轮,603601,再升科技,2023-07-11,4.25,1.0,2023-11-29,4.42,4.0,141,True,False,-5.88,-9.5,-32.58,0.0738,logprobs,0.0073,0.1755,0.1232,0.0702,0.0002,0,0.0249,0.0492,0.0992,0.0002,0,54549
h-第4轮-0293,第4轮,300815,玉禾田,2023-05-18,15.17,0.5,2023-11-20,14.33,-5.54,186,True,False,1.05,-2.3,-16.33,0.0842,logprobs,0.0212,0.1227,0,0.2982,0,0,0.0893,0.0001,0.1241,0,0,45227
h-第1轮-0269,第1轮,300856,科思股份,2023-02-28,19.29,1.0,2023-07-25,25.35,31.42,147,False,False,-1.03,-8.84,-17.04,0.1615,logprobs,0.0496,0.1404,0.4035,0.1055,0,0.1579,0.0249,0.3473,0.0746,0,0,54136
h-第4轮-0307,第4轮,301023,江南奕帆,2023-12-14,22.21,0.5,2024-07-25,17.78,-19.95,224,True,False,-3.82,1.35,55.06,0.1601,mixed,0.0388,0.1602,0,0.3508,0,0.2895,0.0031,0,0.1627,0,0.2895,60914
h-第1轮-0302,第1轮,300994,久祺股份,2023-08-15,13.53,1.0,2024-03-08,9.01,-33.41,206,True,False,9.43,10.65,7.99,0.0281,mixed,0.0033,0.0526,0,0.035,0,0.0527,0.0743,0,0.0495,0,0.0744,59120
h-第1轮-0274,第1轮,603922,金鸿顺,2023-03-17,14.89,0.5,2023-10-30,17.91,20.28,227,True,False,1.01,4.69,0.17,0.2664,logprobs,0.0575,0.2632,0.3145,0.2278,0,0.5263,0.1489,0.1149,0.0653,0,0.3245,68278
h-第1轮-0276,第1轮,000068,华控赛格,2023-03-22,3.66,1.0,2023-03-27,3.54,-3.28,5,False,False,-2.82,-8.19,-16.95,0.1158,mixed,0.0438,0.3158,0,0,0,0.2631,0.2233,0,0,0,0.2393,60081
h-第1轮-0365,第1轮,002019,亿帆医药,2024-07-29,10.83,1.0,2024-08-21,10.43,-3.69,23,False,False,-2.3,-5.37,9.49,0.0982,logprobs,0.0269,0.1404,0.0001,0,0.0351,0.3156,0.0993,0.0001,0,0.0496,0.2231,60933
h-第1轮-0313,第1轮,301120,新特电气,2023-10-19,11.11,0.5,2023-11-08,11.72,5.49,20,False,False,1.62,-0.85,-30.38,0.3631,mixed,0.1025,0.7368,0.4737,0.21,0,0.3948,0.3722,0.0859,0.0426,0,0.1841,61155
h-第1轮-0388,第1轮,002977,天箭科技,2024-11-25,29.47,1.0,2024-12-16,30.88,4.78,21,False,False,-10.04,-16.09,-9.29,0.3054,logprobs,0.0773,0.1405,0.2986,0.1053,0,0.9828,0.0246,0.1238,0.0745,0,0,52333
h-第4轮-0327,第4轮,603958,哈森股份,2024-06-24,7.97,1.0,2024-07-10,7.96,-0.13,16,False,False,14.57,1.76,41.58,0.1404,mixed,0.0304,0.0702,0.053,0,0,0.5789,0.0992,0.075,0,0,0,53941
h-第4轮-0352,第4轮,600967,内蒙一机,2024-12-18,8.44,0.5,2025-01-15,9.15,8.41,28,False,False,6.12,16.28,22.51,0.2009,logprobs,0.0174,0.0526,0.2456,0.2325,0.0528,0.421,0.0744,0.0248,0.0221,0.0746,0,55754
h-第1轮-0349,第1轮,301131,聚赛龙,2024-06-04,38.43,1.0,2024-06-13,36.15,-5.93,9,False,False,-3.68,-5.86,-18.76,0.1347,mixed,0.0339,0.2632,0,0.1206,0,0.2895,0.1487,0,0.1053,0,0.2895,59618
h-第1轮-0376,第1轮,601012,隆基绿能,2024-10-14,16.75,1.0,2024-10-22,18.38,9.73,8,False,False,6.8,1.41,-16.97,0.1737,mixed,0.0359,0.0704,0.3948,0.088,0.0526,0.2626,0.0659,0.1842,0.0659,0.0744,0.2394,66571
h-第1轮-0377,第1轮,301069,凯盛新材,2024-10-14,13.78,0.5,2024-10-28,14.22,3.19,14,False,False,6.75,7.67,7.1,0.3145,logprobs,0.0784,0.3421,0.158,0.7567,0,0.3156,0.1316,0,0.1907,0,0.2232,57027
h-第1轮-0375,第1轮,603088,宁波精达,2024-09-25,5.91,1.0,2024-09-30,6.99,18.27,5,False,False,-5.15,5.72,27.04,0.0525,logprobs,0.0081,0.0701,0.1924,0,0,0,0.0992,0.0488,0,0,0,59457
h-第4轮-0331,第4轮,002785,万里石,2024-06-27,24.75,0.5,2024-10-09,27.29,10.26,104,False,False,20.96,29.68,20.45,0.0457,logprobs,0.0065,0.0526,0.0526,0.1234,0,0,0.0744,0.0744,0.0897,0,0,50566
h-第1轮-0355,第1轮,002019,亿帆医药,2024-06-20,12.17,0.5,2024-07-04,11.67,-4.11,14,False,False,0.94,0.69,6.51,0.2245,mixed,0.0666,0.2631,0.2982,0.1053,0.456,0,0.0429,0.2163,0.0744,0.3852,0,66086
h-第1轮-0364,第1轮,603583,捷昌驱动,2024-07-26,16.58,1.0,2024-08-05,16.03,-3.32,10,False,False,0.19,-2.81,29.88,0.3158,logprobs,0.1177,0.4035,0.0702,0.0526,0.0526,1,0.0992,0.0992,0.0744,0.0744,0,58745
h-第4轮-0333,第4轮,002785,万里石,2024-07-05,25.4,0.5,2024-10-09,27.29,7.44,96,False,False,20.96,29.68,20.45,0.0996,logprobs,0.0303,0,0.079,0.1579,0.0524,0.2088,0,0.079,0.1289,0.0741,0.2952,51369
h-第4轮-0335,第4轮,002489,浙江永强,2024-07-24,2.4,0.5,2024-08-02,2.56,6.67,9,False,False,0.78,10.55,22.27,0.1614,logprobs,0.0979,0.0352,0.5438,0.2281,0,0,0.0498,0.347,0.0656,0,0,45156
h-第4轮-0328,第4轮,300972,万辰集团,2024-06-26,20.8,1.0,2024-07-16,19.47,-6.39,20,False,False,-0.36,6.88,163.94,0.2668,mixed,0.1106,0.2807,0.0177,0.1053,0.0709,0.8596,0.1381,0.025,0.0745,0.1002,0.1985,70206
h-第1轮-0336,第1轮,301120,新特电气,2024-02-08,7.3,1.0,2024-02-20,7.69,5.34,12,False,False,12.87,37.84,27.31,0.2876,logprobs,0.0914,0.5434,0.5964,0.1404,0,0.1579,0.1785,0.3049,0.0248,0,0,59147
h-第4轮-0323,第4轮,002785,万里石,2024-06-05,23.86,1.0,2024-06-21,25.71,7.75,16,False,False,-1.21,-1.44,-5.95,0.074,logprobs,0.0085,0.1236,0.1761,0,0.0001,0.0702,0.0902,0.0257,0,0.0001,0.0992,64751
h-第1轮-0350,第1轮,301069,凯盛新材,2024-06-05,14.82,0.5,2024-10-08,16.54,11.61,125,False,False,-15.11,-14.15,-11.0,0.1227,logprobs,0.0164,0.1395,0.2812,0.1929,0,0,0.0987,0.0999,0.0247,0,0,47556
h-第4轮-0384,第4轮,002867,周大生,2025-10-24,13.39,0.5,2025-11-04,12.84,-4.11,11,False,False,2.18,-1.17,4.98,0.1881,mixed,0.0252,0.1419,0.2457,0.1931,0.1228,0.2368,0.0226,0.2443,0.0248,0.0895,0.2368,64423
h-第1轮-0425,第1轮,603230,内蒙新华,2025-07-01,12.68,0.5,2025-09-01,13.44,5.99,62,False,False,-6.62,-9.9,-8.48,0.0456,logprobs,0.0059,0,0.0526,0.1227,0.0527,0,0,0.0744,0.0894,0.0745,0,58183
h-第4轮-0375,第4轮,002938,鹏鼎控股,2025-08-07,48.06,0.5,2025-08-14,51.96,8.11,7,False,False,8.55,8.22,-15.01,0.095,logprobs,0.0084,0.1229,0.1241,0.1229,0,0.1053,0.1081,0.024,0.0895,0,0.1053,60328
h-第1轮-0414,第1轮,603602,纵横通信,2025-03-24,16.92,0.5,2025-04-02,16.14,-4.61,9,False,False,-8.92,-2.48,-6.75,0.1667,mixed,0.0706,0.0877,0,0.4561,0.2895,0,0.124,0,0.2444,0.2895,0,51899
h-第4轮-0364,第4轮,002434,万里扬,2025-04-15,6.77,0.5,2025-08-01,7.63,12.7,108,False,False,10.48,10.62,17.43,0.1334,logprobs,0.0258,0.2633,0.2105,0.1932,0,0,0.1488,0.1968,0.0249,0,0,58343
h-第1轮-0428,第1轮,605007,五洲特纸,2025-09-03,11.7,0.5,2025-09-09,12.09,3.33,6,False,False,-5.13,-4.63,-4.38,0.0487,logprobs,0.0054,0,0.079,0.1643,0,0,0,0.0789,0.0089,0,0,61052
h-第1轮-0422,第1轮,605007,五洲特纸,2025-06-20,11.04,0.5,2025-07-01,11.37,2.99,11,False,False,2.2,6.24,0.88,0.3895,logprobs,0.148,0.2105,0.9999,0.193,0.0527,0.4912,0.0001,0.0001,0.0248,0.0745,0.4084,68987
h-第1轮-0401,第1轮,603230,内蒙新华,2025-02-14,11.54,0.5,2025-06-13,12.36,7.11,119,False,False,0.65,4.94,1.7,0.0708,logprobs,0.0059,0.0877,0.1089,0.1574,0,0,0.0657,0.0771,0.0012,0,0,56856
h-第4轮-0357,第4轮,603822,嘉澳环保,2025-01-15,43.26,0.5,2025-03-11,57.02,31.81,55,False,False,4.02,-9.21,-3.16,0.2059,mixed,0.0807,0.1579,0.2171,0.321,0.3333,0,0.0001,0.0461,0.2307,0.4714,0,58421
h-第1轮-0423,第1轮,605007,五洲特纸,2025-06-23,11.08,0.5,2025-07-04,11.34,2.35,11,False,False,1.94,5.03,1.85,0.0951,logprobs,0.0089,0.1053,0.1579,0.2104,0,0.0019,0.0745,0.0429,0.043,0,0.0019,57852
h-第4轮-0395,第4轮,600576,祥源文旅,2026-03-27,6.15,0.5,2026-08-18,5.38,-12.52,144,True,False,,,,0.0773,logprobs,0.007,0.1579,0,0.1228,0.0002,0.1053,0,0,0.0895,0.0003,0.0745,61252
h-第1轮-0398,第1轮,603602,纵横通信,2025-01-07,14.5,0.5,2025-02-12,19.01,31.1,36,False,False,-0.53,4.52,-16.62,0.3842,logprobs,0.1137,0.2632,0.9737,0.2105,0,0.4737,0.149,0.0263,0.0744,0,0,51026
h-第1轮-0071,第1轮,300334,津膜科技,2014-01-21,19.42,0.5,2014-01-24,22.06,13.59,3,False,False,13.42,4.17,-3.22,0.1541,logprobs,0.0175,0.1395,0.193,0.2272,0.0001,0.2106,0.1072,0.0496,0.0239,0.0001,0.1969,29017
h-第1轮-0075,第1轮,002385,大北农,2014-04-14,4.86,1.0,2014-04-28,4.11,-15.43,14,True,False,4.38,7.54,19.46,0.0661,logprobs,0.0092,0.1566,0,0.0675,0,0.1065,0.1125,0,0.0954,0,0.0754,51753
h-第1轮-0073,第1轮,002385,大北农,2014-02-21,5.28,0.5,2014-02-27,4.91,-7.01,6,False,False,2.04,-2.85,-9.78,0.0984,mixed,0.017,0.1937,0,0.1405,0,0.1579,0.0253,0,0.0247,0,0.2233,35254
h-第1轮-0070,第1轮,600520,三佳科技,2014-01-15,8.87,1.0,2014-01-23,9.15,3.16,8,False,False,4.59,10.05,4.92,0.2489,mixed,0.0938,0.0352,0.6492,0.0672,0.0893,0.4035,0.0496,0.3575,0.0476,0.1263,0.1789,29828
h-第1轮-0074,第1轮,300334,津膜科技,2014-02-26,22.71,1.0,2014-03-04,23.9,5.24,6,False,False,-2.8,-11.84,-15.52,0.151,mixed,0.0338,0.0531,0.1755,0,0.0001,0.5263,0.0741,0.0248,0,0,0.0526,36541
h-第1轮-0076,第1轮,600571,信雅达,2014-04-18,7.1,1.0,2014-05-15,6.67,-6.06,27,False,False,10.94,18.89,20.54,0.2105,logprobs,0.072,0.193,0,0.1227,0,0.7366,0.0248,0.0001,0.0894,0,0.263,55946
h-第1轮-0085,第1轮,300006,莱美药业,2014-11-12,8.22,1.0,2014-11-13,7.71,-6.2,1,False,False,14.92,6.23,2.59,0.0407,logprobs,0.0072,0.0001,0,0.0777,0.0002,0.1255,0.0001,0,0.1099,0.0003,0.1249,52918
h-第1轮-0088,第1轮,002090,金智科技,2014-12-03,9.12,0.5,2014-12-08,8.65,-5.15,5,False,False,-10.52,-4.97,13.53,0.1264,logprobs,0.0343,0.1755,0,0.4037,0.0528,0,0.0247,0,0.1738,0.0746,0,50001
h-第1轮-0087,第1轮,002090,金智科技,2014-12-03,9.12,0.5,2014-12-04,9.38,2.85,1,False,False,-10.13,-15.14,0.21,0.1848,logprobs,0.0387,0.2632,0.225,0.4358,0,0,0.1489,0.0616,0.1542,0,0,51844
h-第1轮-0091,第1轮,002090,金智科技,2015-02-04,8.54,0.5,2015-02-10,8.83,3.4,6,False,False,5.32,14.04,148.92,0.1095,mixed,0.0248,0.0761,0.1028,0.1755,0,0.193,0.1077,0.0727,0.0894,0,0.2729,58725
h-第1轮-0090,第1轮,002090,金智科技,2015-01-30,8.55,0.5,2015-02-09,8.97,4.91,10,False,False,7.13,13.04,146.71,0.2489,mixed,0.0767,0.0526,0.193,0.5776,0.3685,0.0526,0.0744,0.0496,0.3419,0.2105,0.0744,68359
h-第1轮-0095,第1轮,002553,南方精工,2015-10-13,10.18,1.0,2015-11-19,11.79,15.82,37,True,False,-8.57,-4.33,-29.09,0.0421,logprobs,0.0049,0.0526,0.1053,0,0,0.0526,0.0744,0.0745,0,0,0.0744,66287
h-第1轮-0092,第1轮,002553,南方精工,2015-04-15,10.66,1.0,2015-05-14,12.61,18.29,29,False,False,-18.08,-19.03,-11.26,0.0389,mixed,0.0061,0,0.1229,0.0707,0.0009,0,0,0.0893,0.1,0.0013,0,61554
h-第1轮-0098,第1轮,002681,奋达科技,2016-07-22,11.83,1.0,2016-12-06,9.71,-17.92,137,True,False,1.96,-1.85,-8.96,0.0436,logprobs,0.0068,0.0702,0,0.1224,0,0.0252,0.0993,0,0.1076,0,0.0356,53426
h-第1轮-0096,第1轮,002681,奋达科技,2016-04-27,11.34,0.5,2016-07-04,11.71,3.26,68,False,False,3.93,-8.8,-16.31,0.0878,logprobs,0.0083,0.07,0.0883,0.1229,0,0.1576,0.099,0.0658,0.0248,0,0.1134,61290
h-第1轮-0097,第1轮,002681,奋达科技,2016-04-27,11.34,0.5,2016-07-07,11.27,-0.62,71,False,False,8.25,-3.82,-9.58,0.1281,mixed,0.0239,0.1578,0,0.1931,0,0.2895,0,0,0.0249,0,0.2895,59689
h-第1轮-0101,第1轮,603022,新通联,2016-11-30,24.72,1.0,2016-12-22,22.04,-10.84,22,False,False,0.05,-13.57,5.58,0.1438,mixed,0.0504,0.0526,0,0.0876,0,0.5789,0.0744,0,0.0656,0,0,66245
h-第1轮-0104,第1轮,300103,达刚控股,2017-02-03,12.83,0.5,2017-02-13,14.64,14.11,10,False,False,-0.27,0.34,-2.53,0.1651,mixed,0.0414,0.0526,0.4737,0.2456,0,0.0533,0.0744,0,0.2444,0,0.0754,65923
h-第1轮-0108,第1轮,300103,达刚控股,2017-04-05,16.27,1.0,2017-05-22,12.61,-22.5,47,False,False,-2.7,3.33,-5.0,0.014,logprobs,0.0028,0,0,0,0,0.0702,0,0,0,0,0.0992,61242
h-第1轮-0107,第1轮,300103,达刚控股,2017-03-15,14.36,1.0,2017-03-16,14.81,3.13,1,False,False,16.34,15.19,-12.76,0.1258,logprobs,0.0183,0.1842,0.1229,0.0704,0,0.2513,0.0263,0.0248,0.0659,0,0.2512,51735
h-第1轮-0112,第1轮,002177,御银股份,2017-06-16,5.71,0.5,2017-08-16,6.21,8.76,61,False,False,-5.8,-4.83,-14.17,0.0948,logprobs,0.0086,0.1052,0.1578,0.1579,0.0531,0,0.0744,0.0858,0.0744,0.075,0,60298
h-第1轮-0115,第1轮,300103,达刚控股,2017-06-22,12.65,1.0,2017-07-06,12.5,-1.19,14,False,False,-5.44,-5.68,5.36,0.0839,logprobs,0.0203,0.3141,0.1053,0,0,0,0.1121,0.0744,0,0,0,47700
h-第1轮-0113,第1轮,002177,御银股份,2017-06-19,5.77,0.5,2017-08-17,6.18,7.11,59,False,False,-3.72,-4.05,-11.49,0.0877,logprobs,0.0098,0.1754,0.0527,0.2105,0,0,0.0496,0.0525,0.0429,0,0,48356
h-第1轮-0116,第1轮,600562,国睿科技,2017-06-23,20.18,1.0,2017-07-18,18.68,-7.43,25,False,True,3.05,3.8,2.52,0.1367,logprobs,0.0216,0.1925,0,0.0176,0,0.4736,0.0244,0,0.0248,0,0,52446
h-第1轮-0118,第1轮,300103,达刚控股,2017-07-18,11.74,1.0,2017-08-04,11.72,-0.17,17,False,False,3.07,9.9,9.64,0.2952,logprobs,0.0946,0.3859,0.0903,0,0,1,0.1241,0.0664,0,0,0,51565
h-第1轮-0120,第1轮,002177,御银股份,2017-08-25,5.84,0.5,2017-09-22,6.11,4.62,28,False,False,-1.15,-9.0,-19.48,0.0735,logprobs,0.009,0,0.1054,0.2094,0,0.0526,0,0.1054,0.0508,0,0.0744,59994
h-第1轮-0119,第1轮,300103,达刚控股,2017-08-11,11.73,1.0,2017-09-08,12.87,9.72,28,True,False,1.94,2.25,-3.96,0.3158,logprobs,0.1396,0.2276,1,0.0702,0,0.281,0.1938,0,0.0656,0,0.138,63612
h-第1轮-0121,第1轮,002177,御银股份,2017-08-29,5.87,0.5,2017-09-22,6.11,4.09,24,False,False,-1.15,-9.0,-19.48,0.0765,logprobs,0.0082,0,0.1579,0.1453,0.0001,0.079,0.0001,0,0.1029,0.0001,0.079,51442
h-第1轮-0122,第1轮,600562,国睿科技,2017-09-01,19.35,1.0,2017-11-20,17.52,-9.46,80,False,False,3.65,8.22,-28.37,0.1567,logprobs,0.0179,0.3333,0.1343,0.1228,0,0.193,0.0993,0.1014,0.0894,0,0.0496,70275
h-第1轮-0123,第1轮,000096,广聚能源,2017-09-12,13.13,1.0,2018-04-23,9.8,-25.36,223,True,False,9.8,5.41,0.1,0.0105,logprobs,0.0016,0.0526,0,0,0,0,0.0744,0,0,0,0,56787
h-第1轮-0125,第1轮,002177,御银股份,2017-09-29,5.88,0.5,2017-10-19,5.6,-4.76,20,False,False,-4.46,-2.32,-0.71,0.1509,logprobs,0.0247,0.2807,0.2808,0.193,0,0,0.1381,0.1381,0.0496,0,0,48979
h-第1轮-0124,第1轮,002177,御银股份,2017-09-28,5.82,0.5,2017-10-19,5.6,-3.78,21,False,False,-4.46,-2.32,-0.71,0.2158,logprobs,0.0328,0.3157,0.1842,0.2105,0.0526,0.3158,0.1549,0.0263,0.0429,0.0744,0.3158,54873
h-第1轮-0126,第1轮,601126,四方股份,2017-10-17,6.08,0.5,2017-11-14,6.03,-0.82,28,False,False,-4.81,-8.46,-26.7,0.0544,logprobs,0.0071,0.0526,0.079,0.1403,0,0,0.0744,0.0776,0.0992,0,0,59869
h-第1轮-0128,第1轮,601009,南京银行,2017-10-23,5.08,0.5,2017-10-30,5.17,1.77,7,False,False,-0.97,2.51,16.83,0.075,logprobs,0.0068,0.0526,0.1114,0.158,0.0527,0.0001,0.0744,0.0791,0.0429,0.0744,0,58097
h-第1轮-0130,第1轮,601009,南京银行,2017-11-29,5.26,0.5,2018-01-18,5.83,10.84,50,False,False,10.81,2.57,-12.18,0.1159,logprobs,0.01,0.193,0.1934,0.1927,0,0.0002,0.0496,0.049,0.0243,0,0.0002,58663
h-第1轮-0127,第1轮,601126,四方股份,2017-10-18,5.99,0.5,2017-11-14,6.03,0.67,27,False,False,-4.81,-8.46,-26.7,0.0966,logprobs,0.0079,0.1406,0.1053,0.158,0,0.079,0.108,0.0744,0.0001,0,0.079,62576
h-第1轮-0129,第1轮,601009,南京银行,2017-11-29,5.26,0.5,2018-01-17,5.79,10.08,49,False,False,13.47,0.35,-12.44,0.1308,logprobs,0.0096,0.1487,0.2074,0.1755,0.0696,0.0527,0.1056,0.0494,0.0248,0.0984,0.0744,55158
h-第1轮-0131,第1轮,601126,四方股份,2017-12-12,5.52,1.0,2017-12-25,5.22,-5.43,13,False,False,2.49,2.87,-11.11,0.2895,logprobs,0.0995,0.3685,0.079,0,0,1,0.1488,0.079,0.0001,0,0,49660
h-第1轮-0132,第1轮,601126,四方股份,2018-01-17,5.33,0.5,2018-03-20,4.84,-9.19,62,False,False,-0.41,-4.34,-29.34,0.1998,mixed,0.0387,0.2807,0,0.1919,0.0001,0.5263,0.1381,0,0.048,0,0.0526,56982
h-第1轮-0135,第1轮,601009,南京银行,2018-02-13,5.84,0.5,2018-02-23,6.08,4.11,10,False,False,-4.61,-13.65,-12.17,0.5317,logprobs,0.1855,0.4386,0.457,0.7368,0.0529,0.9733,0.3969,0.3844,0.3722,0.0748,0.0266,60780
h-第1轮-0134,第1轮,601009,南京银行,2018-02-12,5.72,0.5,2018-02-23,6.08,6.29,11,False,False,-4.61,-13.65,-12.17,0.6017,logprobs,0.1649,1,0.3421,0.6666,0,1,0,0.1316,0.3049,0,0,52276
h-第1轮-0136,第1轮,601009,南京银行,2018-03-27,5.15,0.5,2018-05-04,5.45,5.83,38,False,False,2.94,-4.04,-4.59,0.1156,logprobs,0.0193,0.0702,0.1392,0.0526,0,0.3158,0.0992,0.1067,0.0744,0,0.1579,55772
h-第1轮-0139,第1轮,601126,四方股份,2018-04-24,4.57,0.5,2018-05-21,4.51,-1.31,27,True,False,-9.31,-24.17,-20.18,0.1123,logprobs,0.0107,0.228,0.1755,0.1582,0,0,0.0493,0.0247,0,0,0,50888
h-第1轮-0138,第1轮,601126,四方股份,2018-04-23,4.47,0.5,2018-05-21,4.51,0.89,28,True,False,-9.31,-24.17,-20.18,0.2246,mixed,0.0282,0.158,0.3158,0.1755,0,0.4737,0,0.1873,0.0249,0,0,57570
h-第1轮-0140,第1轮,300471,厚普股份,2018-05-07,7.9,0.5,2018-05-10,8.25,4.43,3,False,False,21.58,5.45,-13.82,0.2946,mixed,0.0686,0.2806,0.1929,0.2102,0,0.7895,0.1382,0.0893,0.0425,0,0.2105,59169
h-第1轮-0143,第1轮,601009,南京银行,2018-05-23,5.41,0.5,2018-05-29,5.26,-2.77,6,True,False,-3.42,-5.7,-7.98,0.0736,logprobs,0.0113,0.0873,0,0.2281,0,0.0526,0.1234,0,0.0248,0,0.0745,55407
h-第1轮-0141,第1轮,300471,厚普股份,2018-05-15,7.99,0.5,2018-05-21,9.39,17.52,6,False,False,-9.27,-25.03,-24.49,0.0765,logprobs,0.0068,0.0002,0.158,0.1717,0,0.0526,0.0002,0.0002,0.0196,0,0.0744,55172
h-第1轮-0142,第1轮,300471,厚普股份,2018-05-17,7.76,0.5,2018-05-23,9.66,24.48,6,False,False,-6.94,-32.4,-30.43,0.3379,logprobs,0.1132,0.1467,0.8243,0.245,0,0.4737,0.016,0.2485,0.1631,0,0,57712
h-第1轮-0144,第1轮,601009,南京银行,2018-05-24,5.34,0.5,2018-05-29,5.26,-1.5,5,True,False,-3.42,-5.7,-7.98,0.1705,mixed,0.0081,0.193,0.1406,0.193,0.0365,0.2895,0.0248,0.0249,0.0248,0.0516,0.0789,59330
h-第1轮-0147,第1轮,300471,厚普股份,2018-05-31,9.37,0.5,2018-11-28,6.64,-29.14,181,True,False,-0.9,-15.81,-3.01,0.0282,logprobs,0.0039,0.0003,0,0.1405,0,0,0.0004,0,0.0498,0,0,59989
h-第1轮-0148,第1轮,300471,厚普股份,2018-06-01,9.15,0.5,2018-11-28,6.64,-27.43,180,True,False,-0.9,-15.81,-3.01,0.0212,logprobs,0.0035,0,0,0.1053,0,0.0005,0,0,0.0745,0,0,47772
h-第1轮-0154,第1轮,300558,贝达药业,2018-12-03,38.97,1.0,2018-12-06,37.31,-4.26,3,False,False,-17.37,-19.0,22.09,0.1722,mixed,0.0409,0.1404,0,0.2644,0,0.4561,0.1081,0,0.1154,0,0.1737,68429
h-第1轮-0156,第1轮,300558,贝达药业,2018-12-17,31.42,1.0,2019-03-04,43.71,39.12,77,False,False,4.85,1.4,-11.46,0.0666,logprobs,0.0101,0.0877,0.1228,0.0873,0,0.0351,0.124,0.0894,0.1234,0,0.0496,62806
h-第1轮-0158,第1轮,002698,博实股份,2019-01-10,5.53,0.5,2019-02-21,6.17,11.57,42,False,False,11.51,21.72,32.09,0.1485,mixed,0.0233,0.0702,0.2228,0.1864,0,0.2631,0.0992,0.029,0.0216,0,0.2393,67248
h-第1轮-0155,第1轮,603906,龙蟠科技,2018-12-10,5.51,1.0,2018-12-25,5.11,-7.26,15,False,False,-0.59,0.0,8.41,0.0246,logprobs,0.0035,0.1228,0,0,0,0.0001,0.0496,0,0,0,0,50521
h-第1轮-0159,第1轮,002698,博实股份,2019-01-11,5.9,0.5,2019-03-06,6.97,18.14,54,False,False,6.74,15.21,7.89,0.4877,logprobs,0.1425,0.4384,1,0.2633,0,0.7368,0.0497,0,0.1488,0,0.2632,64189
h-第1轮-0162,第1轮,603906,龙蟠科技,2019-04-12,5.88,1.0,2019-04-18,6.46,9.86,6,False,False,13.93,14.71,18.11,0.1466,logprobs,0.0272,0.079,0.2945,0.1229,0,0.2368,0.079,0.1268,0.0895,0,0.2368,53331
h-第1轮-0164,第1轮,300543,朗科智能,2019-04-26,7.96,1.0,2019-05-06,7.08,-11.06,10,False,False,8.47,14.12,40.4,0.1825,mixed,0.0461,0.2457,0,0,0.193,0.4737,0.1628,0,0,0.2729,0,55995
h-第1轮-0160,第1轮,300558,贝达药业,2019-03-08,42.57,0.5,2019-03-12,46.19,8.5,4,False,False,-7.01,-8.36,-20.65,0.1171,logprobs,0.028,0.0702,0.3159,0.1992,0,0,0.0657,0.2233,0.0159,0,0,56962
h-第1轮-0165,第1轮,603861,白云电器,2019-05-07,9.59,1.0,2019-08-05,8.81,-8.13,90,False,False,-4.43,-3.52,-1.7,0.2631,logprobs,0.0818,0.1754,0,0.1401,0,1,0.0248,0,0.1079,0,0,48810
h-第1轮-0167,第1轮,603906,龙蟠科技,2019-06-04,7.94,0.5,2019-06-20,8.79,10.71,16,False,False,-1.37,-17.97,-11.26,0.0947,mixed,0.023,0.0001,0.1754,0.1053,0.193,0,0,0.0248,0.0744,0.2729,0,67520
h-第1轮-0168,第1轮,603906,龙蟠科技,2019-06-05,7.82,0.5,2019-06-21,8.66,10.74,16,False,False,0.12,-15.01,-9.35,0.0561,mixed,0.0069,0,0.1754,0.105,0,0,0,0.0247,0.0742,0,0,55202
h-第1轮-0166,第1轮,603906,龙蟠科技,2019-05-10,6.75,1.0,2019-05-16,7.61,12.74,6,False,False,19.05,5.52,-10.12,0.1824,logprobs,0.0176,0.1404,0.193,0.1052,0,0.4733,0.0248,0.0248,0.0744,0,0,61923
h-第1轮-0169,第1轮,603906,龙蟠科技,2019-07-04,8.67,0.5,2019-07-05,8.67,0.0,1,True,False,-15.11,-15.69,-18.45,0.1685,logprobs,0.0674,0.193,0.1581,0.4914,0,0,0.0495,0.0001,0.3337,0,0,51344
h-第1轮-0170,第1轮,000523,红棉股份,2019-08-15,5.41,0.5,2019-11-21,5.68,4.99,98,False,False,-3.87,41.73,28.52,0.1678,logprobs,0.0367,0.2456,0.2632,0.3304,0,0,0.1627,0.1488,0.1692,0,0,48162
h-第1轮-0171,第1轮,000523,红棉股份,2019-08-15,5.41,0.5,2019-12-13,6.82,26.06,120,False,False,6.45,6.16,0.44,0.2915,mixed,0.082,0.1579,0.299,0.2811,0,0.7193,0.2233,0.1235,0.1388,0.0001,0.1985,69978
h-第1轮-0175,第1轮,603861,白云电器,2019-11-04,8.64,0.5,2019-12-12,7.91,-8.45,38,True,False,4.3,7.33,4.68,0.0971,logprobs,0.0599,0.0527,0,0.1053,0,0.3274,0.0744,0,0.0744,0,0.463,54532
h-第1轮-0173,第1轮,300263,隆华科技,2019-09-27,4.34,0.5,2020-03-20,7.03,61.98,175,False,False,-7.25,6.69,8.82,0.2666,logprobs,0.0737,0.3503,0.614,0.2106,0,0.1579,0.1733,0.2861,0.0427,0,0,54972
h-第1轮-0178,第1轮,603090,宏盛股份,2020-01-13,15.52,0.5,2020-03-02,16.43,5.86,49,False,False,-8.95,-1.22,-9.56,0.0739,logprobs,0.0099,0.088,0.0361,0.2455,0,0,0.0657,0.049,0.0247,0,0,54992
h-第1轮-0177,第1轮,000523,红棉股份,2020-01-09,7.24,0.5,2020-02-11,7.17,-0.97,33,False,False,5.44,-3.21,-22.04,0.046,logprobs,0.0053,0.0527,0.0351,0.1421,0,0,0.0744,0.0496,0.0224,0,0,48676
h-第1轮-0179,第1轮,603090,宏盛股份,2020-01-13,15.52,0.5,2020-06-04,16.16,4.12,143,False,False,-6.81,-0.5,7.61,0.0492,mixed,0.0068,0.0526,0,0.1931,0,0.0001,0.0744,0,0.0248,0,0.0002,61156
h-第1轮-0180,第1轮,600569,安阳钢铁,2020-01-17,2.25,0.5,2020-08-13,2.07,-8.0,209,True,False,-1.93,-1.93,-2.42,0.2668,logprobs,0.1076,0.3158,0.0008,0.193,0,0.8246,0.1136,0.0011,0.0495,0,0.2481,66041
h-第1轮-0181,第1轮,600569,安阳钢铁,2020-01-21,2.21,0.5,2020-08-13,2.07,-6.33,205,True,False,-1.93,-1.93,-2.42,0.3369,logprobs,0.1295,0.4737,0,0.2106,0,1,0.0001,0,0.0429,0,0,45148
h-第1轮-0183,第1轮,601996,丰林集团,2020-02-25,2.28,0.5,2020-02-26,2.32,1.75,1,False,False,8.19,3.02,1.72,0.0917,logprobs,0.0069,0.0878,0.1428,0.1751,0,0.0527,0.0895,0.0267,0.0249,0,0.0745,59449
h-第1轮-0184,第1轮,601996,丰林集团,2020-02-25,2.28,0.5,2020-03-02,2.33,2.19,6,False,False,21.89,0.43,-0.86,0.1088,logprobs,0.0079,0.158,0.1404,0.1929,0,0.0526,0.0001,0.0656,0.0494,0,0.0744,60507
h-第1轮-0182,第1轮,000523,红棉股份,2020-02-21,7.13,0.5,2020-03-31,6.65,-6.73,39,True,False,-3.31,-17.14,-16.54,0.165,logprobs,0.0202,0.1056,0.0527,0.1931,0,0.4737,0.0747,0.0745,0.0246,0,0,57594
h-第1轮-0185,第1轮,000523,红棉股份,2020-02-27,7.2,0.5,2020-03-31,6.65,-7.64,33,True,False,-3.31,-17.14,-16.54,0.1192,logprobs,0.0592,0.1579,0,0.4381,0,0,0.2233,0,0.292,0,0,58972
h-第1轮-0187,第1轮,601996,丰林集团,2020-03-18,2.41,0.5,2020-03-19,2.45,1.66,1,False,False,-3.27,-4.49,-8.98,0.0701,logprobs,0.007,0.0526,0.1228,0.1752,0,0,0.0744,0.0496,0.0494,0,0,62117
h-第1轮-0188,第1轮,601996,丰林集团,2020-03-25,2.39,0.5,2020-05-13,2.21,-7.53,49,False,False,11.31,2.26,18.1,0.1105,logprobs,0.0169,0.1404,0,0.1754,0,0.2368,0.0249,0,0.0248,0,0.2368,59026
h-第1轮-0189,第1轮,601996,丰林集团,2020-03-31,2.42,0.5,2020-05-13,2.21,-8.68,43,False,False,11.31,2.26,18.1,0.3984,logprobs,0.156,0.7631,0,0.7018,0.0533,0.4737,0.2369,0,0.3474,0.0754,0,51118
h-第1轮-0190,第1轮,601996,丰林集团,2020-06-10,2.26,0.5,2020-07-10,2.44,7.96,30,False,False,2.46,6.97,1.23,0.1299,logprobs,0.0497,0.0877,0.386,0.1759,0,0,0.0657,0.3225,0.0654,0,0,49387
h-第1轮-0192,第1轮,002876,三利谱,2020-07-17,34.67,1.0,2020-07-24,30.85,-11.02,7,False,False,3.31,5.96,6.45,0.1404,mixed,0.0375,0.1581,0,0.0175,0,0.5263,0.0002,0,0.0248,0,0.0526,51464
h-第1轮-0191,第1轮,601996,丰林集团,2020-06-10,2.26,0.5,2020-07-16,2.47,9.29,36,False,False,6.07,6.88,-2.02,0.1228,mixed,0.0336,0.0527,0.2983,0.2631,0,0,0.0745,0.1985,0.1137,0,0,52235
h-第1轮-0198,第1轮,002876,三利谱,2020-10-15,31.28,0.5,2021-01-26,37.4,19.57,103,True,False,4.33,13.9,56.18,0.084,logprobs,0.0117,0.1055,0.1402,0.1745,0,0,0.0746,0.108,0.1234,0,0,55653
h-第1轮-0195,第1轮,601996,丰林集团,2020-08-31,2.58,0.5,2020-09-10,2.54,-1.55,10,False,False,-4.72,-4.72,1.18,0.0802,logprobs,0.0108,0.1381,0.0526,0.2102,0,0,0.1057,0.0744,0.0426,0.0001,0,56333
h-第1轮-0196,第1轮,002635,安洁科技,2020-10-15,20.98,0.2,2021-05-24,13.0,-38.04,221,True,False,3.92,3.31,-10.77,0.176,logprobs,0.0651,0.1607,0,0.6842,0,0.0351,0.1325,0,0.2105,0,0.0496,56398
h-第1轮-0194,第1轮,002876,三利谱,2020-08-27,30.31,1.0,2020-09-03,29.69,-2.05,7,False,False,-2.59,-1.89,7.54,0.2597,mixed,0.0538,0.3684,0.0528,0.0877,0.4738,0.3158,0.1489,0.0747,0.0894,0.258,0.1579,67822
h-第1轮-0199,第1轮,002635,安洁科技,2020-10-16,20.88,0.2,2021-05-24,13.0,-37.74,220,True,False,3.92,3.31,-10.77,0.1719,logprobs,0.1196,0.0526,0,0.807,0,0,0.0744,0,0.2367,0,0,52231
h-第1轮-0202,第1轮,603188,亚邦股份,2021-01-26,5.08,1.0,2021-02-09,4.78,-5.91,14,False,False,15.27,23.22,26.99,0.0731,logprobs,0.0086,0.1931,0.1197,0.0527,0,0,0.0495,0.0864,0.0744,0,0,59416
h-第1轮-0200,第1轮,002635,安洁科技,2020-10-19,20.62,0.6,2021-05-24,13.0,-36.95,217,True,False,3.92,3.31,-10.77,0.0667,logprobs,0.0072,0.132,0,0.1228,0,0.079,0.0786,0,0.0895,0,0.0789,47763
h-第1轮-0201,第1轮,603188,亚邦股份,2021-01-15,5.05,1.0,2021-01-25,5.18,2.57,10,False,False,-6.37,7.34,7.14,0.1951,mixed,0.0571,0.1311,0.3947,0,0.1603,0.2895,0.1311,0.2368,0,0.2216,0.2895,55893
h-第1轮-0205,第1轮,000637,茂化实华,2021-05-06,3.82,0.5,2021-07-01,3.78,-1.05,56,False,False,4.23,3.97,13.76,0.0807,logprobs,0.0081,0.1052,0.1226,0.1758,0,0,0.0859,0.0892,0.0246,0,0,58077
h-第1轮-0203,第1轮,603188,亚邦股份,2021-04-14,5.96,1.0,2021-04-21,5.81,-2.52,7,False,False,-3.27,-0.86,-7.92,0.065,logprobs,0.0087,0.193,0,0.0741,0,0.0577,0.0496,0,0.1048,0,0.0577,59491
h-第1轮-0207,第1轮,603611,诺力股份,2021-05-11,10.33,0.5,2021-09-16,16.1,55.86,128,False,False,-5.96,11.43,0.19,0.3354,logprobs,0.0636,0.4737,0.221,0.193,0.0526,0.7366,0,0.068,0.0247,0.0743,0.2629,62886
h-第1轮-0211,第1轮,603188,亚邦股份,2021-06-16,5.74,1.0,2021-08-26,5.3,-7.67,71,True,False,8.11,7.55,-5.66,0.2203,logprobs,0.1111,0.5047,0,0.0526,0,0.5441,0.3443,0,0.0744,0,0.347,65158
h-第1轮-0210,第1轮,688357,建龙微纳,2021-05-21,41.4,0.5,2021-06-15,51.62,24.69,25,False,False,14.34,57.88,53.08,0.1138,logprobs,0.0276,0.0785,0.1579,0.3327,0,0,0.111,0,0.174,0,0,53524
h-第1轮-0214,第1轮,600173,卧龙新能,2021-09-06,5.23,1.0,2021-11-16,4.61,-11.85,71,False,False,17.35,34.06,20.61,0.0752,mixed,0.0181,0.2268,0,0.0702,0,0.0789,0.1902,0,0.0992,0,0.0789,55909
h-第1轮-0213,第1轮,300597,吉大通信,2021-07-26,9.07,1.0,2021-09-17,8.97,-1.1,53,False,False,-2.34,-3.57,3.23,0.0281,logprobs,0.0037,0.0878,0,0.0527,0,0,0.0658,0,0.0745,0,0,47716
h-第1轮-0215,第1轮,688357,建龙微纳,2021-09-24,80.41,0.5,2021-10-18,104.69,30.2,24,False,False,9.15,11.29,-10.1,0.1162,logprobs,0.0138,0.123,0.2634,0.1944,0,0,0.0247,0.1135,0.0258,0,0,64044
h-第1轮-0218,第1轮,300597,吉大通信,2021-10-27,8.29,1.0,2021-10-28,8.18,-1.33,1,False,False,7.33,12.35,18.58,0.107,logprobs,0.0182,0.1754,0,0.1228,0,0.2367,0.0248,0,0.0895,0,0.2366,52773
h-第1轮-0217,第1轮,603329,上海雅仕,2021-10-26,9.63,0.5,2021-11-01,9.8,1.77,6,False,False,-0.41,0.1,2.76,0.0811,mixed,0.025,0.0527,0.0528,0.2999,0,0,0.0744,0.0747,0.1973,0,0,59937
h-第1轮-0219,第1轮,603267,鸿远电子,2021-10-27,156.97,0.5,2021-11-03,157.38,0.26,7,False,False,-1.19,10.2,-0.81,0.3603,logprobs,0.09,0.5438,0.2226,0.5614,0,0.4737,0.3473,0.0293,0.2031,0,0,56909
h-第1轮-0221,第1轮,603267,鸿远电子,2021-10-28,155.34,0.5,2021-11-22,156.46,0.72,25,False,False,8.26,6.32,-7.74,0.3262,mixed,0.093,0.3858,0.1752,0.5965,0,0.4737,0.2859,0.0653,0.3225,0,0,58990
h-第1轮-0223,第1轮,603329,上海雅仕,2021-11-10,9.41,0.5,2021-12-09,9.81,4.25,29,False,False,9.89,11.11,8.46,0.365,logprobs,0.1243,0.158,0.386,0.2808,0,1,0.0001,0.1241,0.1381,0,0,66712
h-第1轮-0226,第1轮,688002,睿创微纳,2021-12-27,72.4,0.5,2022-08-05,46.55,-35.7,221,True,False,6.27,-4.62,-2.13,0.1106,logprobs,0.0165,0.158,0,0.1581,0,0.2368,0.0001,0,0.0002,0,0.2368,52048
h-第1轮-0222,第1轮,603329,上海雅仕,2021-11-09,9.35,0.5,2021-12-03,10.13,8.34,24,False,False,5.82,8.0,9.87,0.2932,mixed,0.0758,0.2113,0.3425,0.1755,0,0.7368,0.0008,0.1841,0.0247,0,0.2632,49845
h-第1轮-0225,第1轮,603267,鸿远电子,2021-12-07,166.34,1.0,2022-01-05,160.5,-3.51,29,False,False,-0.6,-4.97,-26.31,0.0632,logprobs,0.0172,0.2807,0,0.0351,0,0.0001,0.1382,0,0.0496,0,0.0001,61451
h-第1轮-0228,第1轮,688002,睿创微纳,2022-01-10,69.77,0.5,2022-08-05,46.55,-33.28,207,True,False,6.27,-4.62,-2.13,0.0806,logprobs,0.0202,0.1228,0.0001,0.2803,0,0,0.1081,0.0001,0.1384,0,0,45170
h-第1轮-0229,第1轮,603267,鸿远电子,2022-01-13,148.08,1.0,2022-01-20,159.69,7.84,7,False,False,-5.1,-6.66,-35.93,0.2397,logprobs,0.1089,0.1748,0.4562,0.0678,0,0.5,0.0238,0.3851,0.0958,0,0.5,57951
h-第1轮-0231,第1轮,603267,鸿远电子,2022-02-17,146.3,0.5,2022-03-01,162.52,11.09,12,False,False,-14.96,-23.16,-24.4,0.4105,logprobs,0.1318,0.1053,0.7368,0.2104,0,1,0.086,0.2105,0.0428,0,0,50527
h-第1轮-0230,第1轮,603329,上海雅仕,2022-01-21,10.56,1.0,2022-01-25,10.07,-4.64,4,False,False,9.43,12.41,6.95,0.2491,mixed,0.0511,0.4212,0.1929,0,0.079,0.5526,0.1971,0.0495,0,0.079,0.0263,63782
h-第1轮-0232,第1轮,603267,鸿远电子,2022-02-17,146.3,0.5,2022-03-09,141.43,-3.33,20,False,False,-6.22,-16.37,-15.42,0.1237,mixed,0.0252,0.1053,0.0486,0.1752,0.2896,0,0.086,0.0688,0.0244,0.2894,0,48362
h-第1轮-0234,第1轮,603329,上海雅仕,2022-03-18,9.7,0.5,2022-04-11,9.8,1.03,24,False,False,-5.2,22.86,30.2,0.2946,logprobs,0.1045,0.158,0.1221,0.193,0,1,0.0002,0.0887,0.0495,0,0,57261
h-第1轮-0235,第1轮,688003,天准科技,2022-03-18,27.03,0.5,2022-06-14,26.52,-1.89,88,False,False,17.12,19.76,41.63,0.1265,mixed,0.0235,0.2106,0.0878,0.1402,0.0009,0.193,0.0526,0.0657,0.0494,0.0013,0.2729,62553
h-第1轮-0236,第1轮,603329,上海雅仕,2022-03-21,9.79,0.5,2022-04-11,9.8,0.1,21,False,False,-5.2,22.86,30.2,0.109,logprobs,0.0194,0.2281,0.1065,0.2103,0,0,0.1938,0.0433,0.0428,0,0,45604
h-第1轮-0237,第1轮,688003,天准科技,2022-03-21,29.63,0.5,2022-06-14,26.52,-10.5,85,False,False,17.12,19.76,41.63,0.1009,logprobs,0.0197,0.2281,0.0002,0.2758,0,0.0001,0.0656,0.0002,0.1028,0,0,53416
h-第1轮-0239,第1轮,603613,国联股份,2022-04-18,48.38,1.0,2022-04-22,44.61,-7.79,4,False,False,7.6,13.76,37.23,0.2631,logprobs,0.0928,0.2627,0,0.0526,0,1,0.053,0,0.0744,0,0,43726
h-第1轮-0241,第1轮,300140,节能环境,2022-04-18,5.62,0.5,2022-04-25,5.31,-5.52,7,False,False,0.94,29.94,28.63,0.3575,logprobs,0.1296,0.5422,0,0.2455,0,1,0.3452,0,0.05,0,0,47483
h-第1轮-0242,第1轮,603267,鸿远电子,2022-05-30,120.55,0.5,2022-06-08,124.8,3.53,9,False,False,0.94,2.9,-7.29,0.1231,logprobs,0.0159,0.3161,0.1412,0.1585,0,0,0.1582,0.0254,0.0008,0,0,56457
h-第1轮-0244,第1轮,600381,*ST春天,2022-07-04,12.33,1.0,2022-07-06,11.75,-4.7,2,False,False,10.04,-2.72,-15.74,0.1715,logprobs,0.0661,0.2106,0,0.1467,0,0.5,0.0742,0,0.0583,0,0.5,53146
h-第1轮-0245,第1轮,603578,三星新材,2022-07-07,12.17,1.0,2022-07-15,12.4,1.89,8,False,False,6.13,6.05,-4.11,0.0409,logprobs,0.008,0.0526,0.152,0,0,0,0.0744,0.1216,0,0,0,52412
h-第1轮-0247,第1轮,300140,节能环境,2022-08-01,7.0,1.0,2022-11-25,7.3,4.29,116,True,False,0.0,-9.18,3.15,0.29,logprobs,0.1154,0.4738,0.158,0.4849,0,0.3333,0.4738,0.0428,0.0303,0,0.4714,67058
h-第1轮-0248,第1轮,603578,三星新材,2022-08-22,12.94,1.0,2022-08-25,12.69,-1.93,3,False,False,-6.78,-13.55,-0.39,0.0217,logprobs,0.003,0,0.1054,0,0,0.0032,0,0.0746,0,0,0.0032,50026
h-第1轮-0249,第1轮,600381,*ST春天,2022-09-06,11.23,0.5,2022-09-14,11.79,4.99,8,False,False,-12.98,-17.3,-2.21,0.6667,logprobs,0.1716,1,0.7018,0.6316,0,1,0,0.2205,0.3747,0,0,63955
h-第1轮-0250,第1轮,600381,*ST春天,2022-09-06,11.23,0.5,2022-09-16,11.05,-1.6,10,False,False,-9.59,-13.67,1.54,0.5702,logprobs,0.2151,0.9737,0.0877,0.7894,0,1,0.0263,0.124,0.2978,0,0,58293
h-第1轮-0253,第1轮,603578,三星新材,2022-10-28,11.67,1.0,2022-11-09,12.53,7.37,12,False,False,0.8,4.07,5.43,0.1141,logprobs,0.0159,0.2193,0.1929,0.1581,0,0,0.1829,0.0247,0.0003,0,0,60957
h-第1轮-0252,第1轮,600381,*ST春天,2022-09-28,10.26,1.0,2022-10-10,9.38,-8.58,12,False,False,-1.71,2.77,28.25,0.4526,mixed,0.2072,1,0,0.2632,0,1,0,0,0.1488,0,0,60310
h-第1轮-0251,第1轮,603578,三星新材,2022-09-20,11.12,1.0,2022-10-13,11.83,6.38,23,False,False,3.47,6.0,2.87,0.2895,logprobs,0.1504,0.1842,0.2638,0.0002,0,0.9994,0.0263,0.1484,0.0003,0,0.0009,58394
h-第1轮-0254,第1轮,301037,保立佳,2022-10-28,11.71,0.5,2022-11-10,12.3,5.04,13,False,False,4.55,5.04,5.2,0.3052,mixed,0.1063,0.1754,0.807,0.3333,0,0.2105,0.0656,0.2367,0.1737,0,0,57486
h-第1轮-0255,第1轮,301037,保立佳,2022-10-28,11.71,0.5,2023-03-08,12.92,10.33,131,False,False,2.48,-5.03,-6.66,0.2772,mixed,0.042,0.2456,0.3509,0.3158,0,0.4737,0.1736,0.138,0.1873,0,0,55870
h-第1轮-0258,第1轮,603578,三星新材,2022-12-12,12.78,1.0,2022-12-16,12.46,-2.5,4,False,False,-2.49,2.33,25.44,0.0421,logprobs,0.0071,0.0702,0.0702,0,0.0702,0,0.0992,0.0991,0,0.0991,0,54766
h-第1轮-0256,第1轮,301037,保立佳,2022-11-15,13.0,0.5,2023-03-08,12.92,-0.62,113,False,False,2.48,-5.03,-6.66,0.0597,logprobs,0.0083,0.0527,0.0526,0.193,0,0,0.0745,0.0744,0.0248,0,0,47694
h-第1轮-0257,第1轮,002951,金时科技,2022-11-21,8.37,1.0,2022-12-07,8.64,3.23,16,False,False,-3.94,-0.58,15.28,0.1528,mixed,0.0308,0.0538,0.1313,0,0,0.5789,0.0737,0.0266,0,0,0,52294
h-第1轮-0259,第1轮,688338,赛科希德,2022-12-19,25.14,0.5,2023-01-12,26.44,5.17,24,False,False,28.48,22.84,51.1,0.3333,logprobs,0.1052,0.3681,0.8245,0.2104,0.0001,0.2631,0.1486,0.2481,0.0429,0.0001,0,56416
h-第1轮-0261,第1轮,300661,圣邦股份,2022-12-23,96.82,0.5,2023-05-31,63.63,-34.28,159,True,False,1.48,-1.27,-11.65,0.0779,logprobs,0.0106,0.1781,0,0.2116,0,0,0.0231,0,0.0417,0,0,43935
h-第1轮-0263,第1轮,603578,三星新材,2022-12-27,11.93,1.0,2023-01-18,12.85,7.71,22,False,False,2.88,6.3,-1.63,0.3429,logprobs,0.1392,0.3333,1,0.1004,0.0702,0.2105,0.1313,0,0.0712,0.0992,0,53409
h-第1轮-0260,第1轮,688338,赛科希德,2022-12-21,24.59,0.5,2023-02-23,36.67,49.13,64,False,False,1.17,3.46,8.86,0.3755,logprobs,0.0966,0.386,0.6667,0.193,0,0.6316,0.124,0.2031,0.0248,0,0.3684,63510
h-第1轮-0265,第1轮,003002,壶化股份,2023-01-20,18.27,0.5,2023-02-01,19.0,4.0,12,False,False,15.37,11.37,-6.68,0.0842,logprobs,0.0073,0.0175,0.158,0.1754,0,0.0702,0.0248,0.0001,0.0248,0,0.0993,58395
h-第1轮-0264,第1轮,300661,圣邦股份,2023-01-04,98.0,0.5,2023-05-31,63.63,-35.07,147,True,False,1.48,-1.27,-11.65,0.3772,logprobs,0.1743,0.7017,0.0001,0.1843,0,1,0.2862,0.0002,0.0262,0,0,52608
h-第1轮-0267,第1轮,002951,金时科技,2023-02-21,10.63,1.0,2023-05-29,8.7,-18.16,97,True,False,1.03,1.38,-25.52,0.0506,logprobs,0.0091,0.0864,0,0.0874,0,0.079,0.1222,0,0.1236,0,0.079,59246
h-第1轮-0266,第1轮,688255,凯尔达,2023-02-17,25.8,0.5,2023-09-21,24.67,-4.38,216,True,False,7.01,-6.49,-6.08,0.0896,logprobs,0.0073,0.1762,0.0176,0.1753,0,0.079,0.0243,0.0249,0.0244,0,0.079,56835
h-第1轮-0268,第1轮,688255,凯尔达,2023-02-28,28.87,0.5,2023-09-21,24.67,-14.55,205,True,False,7.01,-6.49,-6.08,0.085,logprobs,0.0119,0.1404,0.0526,0.2321,0,0,0.1081,0.0744,0.0174,0,0,54325
h-第1轮-0271,第1轮,605003,众望布艺,2023-03-15,17.66,0.5,2023-03-22,18.34,3.85,7,False,False,-3.38,-6.65,-5.83,0.0948,logprobs,0.0097,0.1228,0.1232,0.1229,0,0.1053,0.0895,0.0896,0.0895,0,0.1131,59404
h-第1轮-0270,第1轮,003002,壶化股份,2023-03-10,19.34,0.5,2023-09-04,15.49,-19.91,178,True,False,0.13,-3.42,-10.65,0.214,logprobs,0.0324,0.3684,0.0176,0.2105,0,0.4737,0.086,0.0249,0.0428,0,0,55790
h-第1轮-0273,第1轮,003002,壶化股份,2023-03-17,19.56,0.5,2023-09-04,15.49,-20.81,171,True,False,0.13,-3.42,-10.65,0.165,mixed,0.031,0.2635,0,0.193,0.0001,0.3684,0.1487,0,0.0248,0.0001,0.2105,57236
h-第1轮-0277,第1轮,301037,保立佳,2023-03-31,12.72,0.5,2023-04-04,12.44,-2.2,4,False,False,-3.62,-6.11,2.01,0.1119,logprobs,0.0124,0.0868,0.0526,0.193,0.1218,0.1053,0.0882,0.0744,0.0496,0.1722,0.0744,60280
h-第1轮-0275,第1轮,603922,金鸿顺,2023-03-20,14.82,0.5,2023-10-30,17.91,20.85,224,True,False,1.01,4.69,0.17,0.2353,logprobs,0.0561,0.1779,0.1923,0.21,0,0.5965,0.0283,0.0242,0.0422,0,0.2925,65197
h-第1轮-0278,第1轮,605003,众望布艺,2023-04-10,17.64,0.5,2023-04-19,17.44,-1.13,9,False,False,-1.26,1.2,3.56,0.0772,logprobs,0.008,0.1402,0.1053,0.1406,0,0,0.108,0.0745,0.0245,0,0,48412
h-第1轮-0279,第1轮,002103,广博股份,2023-04-19,5.6,0.5,2023-05-10,5.86,4.64,21,False,False,-4.44,12.12,7.51,0.3193,logprobs,0.0985,0.2105,0.193,0.1931,0,1,0.0429,0.0496,0.0246,0,0,54846
h-第1轮-0280,第1轮,002103,广博股份,2023-04-19,5.6,0.5,2023-05-30,6.09,8.75,41,False,False,10.67,-3.61,-0.66,0.307,logprobs,0.0832,0.1929,0.2105,0.3157,0,0.8157,0.0494,0.1969,0.1874,0,0.1843,61176
h-第1轮-0281,第1轮,605005,合兴股份,2023-04-20,14.82,0.5,2023-10-27,17.75,19.77,190,False,False,2.08,0.34,-17.63,0.0912,logprobs,0.0096,0.1228,0.1754,0.1579,0,0,0.0248,0.0655,0.1137,0,0,52868
h-第1轮-0282,第1轮,603601,再升科技,2023-04-20,4.83,1.0,2023-05-30,4.02,-16.77,40,False,False,1.74,1.24,6.72,0.1051,logprobs,0.0421,0.3723,0.0652,0.0877,0,0,0.2667,0.0922,0.0656,0,0,43487
h-第1轮-0283,第1轮,605005,合兴股份,2023-04-21,14.57,0.5,2023-11-29,21.7,48.94,222,False,False,-19.54,-23.59,-32.12,0.3089,mixed,0.1056,0.2456,0.2281,0.2109,0,0.8596,0.1627,0.1938,0.0743,0,0.1985,64259
h-第1轮-0286,第1轮,605003,众望布艺,2023-05-30,17.53,0.5,2023-06-30,17.99,2.62,31,False,False,-0.56,2.5,1.72,0.1081,logprobs,0.013,0.1277,0.1579,0.1756,0,0.079,0.1805,0,0.0248,0,0.079,48429
h-第1轮-0284,第1轮,000068,华控赛格,2023-05-05,3.14,1.0,2023-05-26,3.37,7.32,21,False,False,-5.34,-12.76,12.17,0.193,logprobs,0.1151,0.0526,0.8246,0,0.0351,0.0526,0.0744,0.2481,0.0001,0.0496,0.0744,66821
h-第1轮-0285,第1轮,301037,保立佳,2023-05-17,11.71,1.0,2023-05-25,12.2,4.18,8,False,False,-1.23,-3.52,15.74,0.0843,logprobs,0.0114,0.1053,0.2109,0.1053,0,0,0.0859,0.1134,0.0744,0,0,63925
h-第1轮-0287,第1轮,002103,广博股份,2023-06-01,6.0,0.5,2023-06-08,6.49,8.17,7,False,False,-10.32,-10.48,-4.31,0.4003,mixed,0.1362,0.1403,0.8596,0.2644,0,0.7371,0.1081,0.1985,0.0735,0,0.2628,63552
h-第1轮-0289,第1轮,000068,华控赛格,2023-06-02,3.26,1.0,2023-06-15,2.97,-8.9,13,False,False,2.02,16.84,20.54,0.0876,logprobs,0.0183,0.079,0,0.227,0.0528,0.0789,0.079,0,0.1927,0.0746,0.0789,53134
h-第1轮-0291,第1轮,002103,广博股份,2023-06-21,6.0,0.5,2023-07-21,6.32,5.33,30,False,False,-0.32,-6.33,-17.41,0.1212,logprobs,0.064,0.0525,0.079,0.1409,0.0003,0.3333,0.0743,0.0789,0.0252,0.0004,0.4714,57295
h-第1轮-0290,第1轮,605003,众望布艺,2023-06-16,17.41,0.5,2023-06-30,17.99,3.33,14,False,False,-0.56,2.5,1.72,0.1015,mixed,0.0234,0.0176,0.3146,0.1752,0,0.0001,0.0248,0.188,0.0496,0,0.0001,67771
h-第1轮-0292,第1轮,002103,广博股份,2023-07-11,5.95,0.5,2023-07-21,6.32,6.22,10,False,False,-0.32,-6.33,-17.41,0.5912,logprobs,0.208,0.7544,1,0.7017,0,0.5,0.3474,0,0.35,0,0.5,64023
h-第1轮-0295,第1轮,300994,久祺股份,2023-07-25,14.56,0.5,2023-08-07,13.85,-4.88,13,False,False,-3.61,-2.96,-0.14,0.2984,logprobs,0.0949,0.1754,0.1756,0.597,0.5439,0,0.0248,0.0248,0.1733,0.4129,0,56113
h-第1轮-0296,第1轮,300994,久祺股份,2023-07-28,14.43,0.5,2023-08-07,13.85,-4.02,10,False,False,-3.61,-2.96,-0.14,0.4771,mixed,0.1327,0.3158,0.1053,0.228,0.9994,0.7369,0.1579,0.0744,0.0248,0.0008,0.158,57189
h-第1轮-0297,第1轮,002103,广博股份,2023-07-28,6.21,0.5,2023-08-25,5.65,-9.02,28,False,False,4.6,1.42,34.69,0.435,logprobs,0.1937,0.4735,0,0.7017,0,1,0.3748,0,0.3109,0,0,48974
h-第1轮-0298,第1轮,605003,众望布艺,2023-08-08,17.77,0.5,2023-10-27,18.33,3.15,80,True,False,0.16,1.53,0.76,0.0578,logprobs,0.0073,0,0.0879,0.1993,0,0.0017,0,0.0656,0.0159,0,0.0012,52729
h-第1轮-0299,第1轮,002103,广博股份,2023-08-10,6.16,0.5,2023-08-25,5.65,-8.28,15,False,False,4.6,1.42,34.69,0.1775,logprobs,0.0386,0.1858,0,0.4209,0.0526,0.228,0.0773,0,0.1548,0.0744,0.1938,65102
h-第1轮-0301,第1轮,301120,新特电气,2023-08-14,13.03,0.5,2023-10-10,11.63,-10.74,57,False,False,-3.78,1.2,-1.38,0.2421,logprobs,0.0683,0.2104,0.1054,0.1579,0,0.7368,0.1289,0.0746,0.043,0,0.2631,58294
h-第1轮-0300,第1轮,600926,XD杭州银,2023-08-14,10.1,1.0,2023-10-09,9.79,-3.07,56,False,False,-5.41,-2.96,-11.13,0.1262,mixed,0.0058,0.1053,0.193,0.1581,0.0702,0.1042,0.0744,0.0495,0.0002,0.0993,0.001,67961
h-第1轮-0303,第1轮,301120,新特电气,2023-08-15,12.54,0.5,2023-10-10,11.63,-7.26,56,False,False,-3.78,1.2,-1.38,0.2458,mixed,0.0653,0.176,0.1053,0.2107,0,0.7368,0.0655,0.0745,0.0428,0,0.2632,63994
h-第1轮-0305,第1轮,300447,全信股份,2023-08-24,15.0,0.5,2023-12-29,14.34,-4.4,127,True,False,-7.46,-18.2,-12.06,0.0702,logprobs,0.0084,0.1579,0,0.1579,0,0.0351,0.1137,0,0.0001,0,0.0496,62081
h-第1轮-0304,第1轮,605003,众望布艺,2023-08-18,17.95,0.5,2023-10-27,18.33,2.12,70,True,False,0.16,1.53,0.76,0.1199,mixed,0.0229,0.0526,0.1584,0.1546,0.041,0.193,0.0744,0.0006,0.1107,0.0579,0.2729,58077
h-第1轮-0307,第1轮,300856,科思股份,2023-09-14,22.6,0.5,2023-09-27,24.28,7.43,13,False,False,-15.28,-12.77,-14.87,0.3527,logprobs,0.155,0.3951,1,0.1755,0,0.1929,0.4099,0,0.0248,0,0.0656,69157
h-第1轮-0306,第1轮,300856,科思股份,2023-09-14,22.6,0.5,2023-09-26,23.24,2.83,12,False,False,-11.53,-7.7,-17.64,0.404,mixed,0.0966,0.2656,1,0.4386,0,0.3158,0.1524,0,0.1985,0,0.1579,59206
h-第1轮-0309,第1轮,002103,广博股份,2023-09-18,5.83,0.5,2023-11-30,7.33,25.73,73,True,False,2.18,-0.68,-11.6,0.1982,mixed,0.0157,0.2981,0.2104,0.193,0,0.2894,0.1238,0.0002,0.0496,0,0.0263,63240
h-第1轮-0310,第1轮,300447,全信股份,2023-09-21,15.04,0.5,2023-12-29,14.34,-4.65,99,True,False,-7.46,-18.2,-12.06,0.1046,logprobs,0.0076,0.193,0.0667,0.158,0,0.1052,0.0247,0.0668,0,0,0.1052,57981
h-第1轮-0308,第1轮,002103,广博股份,2023-09-18,5.83,0.5,2023-11-22,9.94,70.5,65,False,False,-22.94,-23.14,-35.81,0.3824,mixed,0.109,0.4737,0.4209,0.158,0,0.8596,0,0.0528,0.0001,0,0.1985,64029
h-第1轮-0312,第1轮,300393,中来股份,2023-10-18,10.51,1.0,2023-10-23,10.1,-3.9,5,False,False,8.42,9.5,4.55,0.2136,logprobs,0.0563,0.2806,0.1404,0.1245,0.0527,0.4698,0.1379,0.0249,0.065,0.0745,0.3779,62044
h-第1轮-0317,第1轮,301120,新特电气,2023-11-13,12.02,0.5,2023-11-21,12.22,1.66,8,False,False,-5.81,-9.82,-34.86,0.0703,logprobs,0.0058,0.1053,0.1054,0.1403,0,0.0005,0.0744,0.0745,0.0249,0,0.0007,58150
h-第1轮-0314,第1轮,301120,新特电气,2023-10-19,11.11,0.5,2023-11-21,12.22,9.99,33,False,False,-5.81,-9.82,-34.86,0.4211,mixed,0.147,0.3684,1,0.1756,0,0.5614,0.0744,0,0.0247,0,0.3655,69386
h-第1轮-0316,第1轮,688082,盛美上海,2023-11-10,111.85,0.5,2024-06-24,82.58,-26.17,227,True,False,3.03,14.43,-2.18,0.1685,logprobs,0.0636,0.158,0,0.1055,0,0.579,0.0001,0,0.074,0,0.421,57942
h-第1轮-0315,第1轮,600926,XD杭州银,2023-10-24,9.26,1.0,2023-10-27,9.56,3.24,3,False,False,-2.2,-3.56,-4.08,0.3387,logprobs,0.1455,0.2983,1,0.0527,0,0.3425,0.124,0,0.0745,0,0.1838,63656
h-第1轮-0318,第1轮,688082,盛美上海,2023-11-17,113.44,0.5,2024-06-24,82.58,-27.2,220,True,False,3.03,14.43,-2.18,0.23,logprobs,0.0365,0.3428,0.0351,0.2986,0,0.4737,0.0798,0.0496,0.1245,0,0,45717
h-第1轮-0321,第1轮,688362,甬矽电子,2023-12-13,28.97,0.5,2023-12-26,24.52,-15.36,13,False,False,-8.32,-11.46,-18.43,0.0352,logprobs,0.0051,0.0701,0,0.053,0,0.0529,0.0992,0,0.0749,0,0.0747,58620
h-第1轮-0320,第1轮,002103,广博股份,2023-11-24,8.45,0.5,2023-11-30,7.33,-13.25,6,True,False,2.18,-0.68,-11.6,0.0421,logprobs,0.0089,0,0,0.2106,0,0,0,0,0.0426,0,0,47952
h-第1轮-0319,第1轮,600926,XD杭州银,2023-11-20,9.26,1.0,2023-11-28,9.04,-2.38,8,False,False,-2.77,-6.31,8.3,0.221,mixed,0.1336,0.6138,0.1053,0.0526,0.3333,0,0.3473,0.0744,0.0744,0.4714,0,59381
h-第1轮-0322,第1轮,688362,甬矽电子,2023-12-14,28.75,0.5,2023-12-26,24.52,-14.71,12,False,False,-8.32,-11.46,-18.43,0.0826,logprobs,0.007,0.1228,0.0527,0.1586,0,0.079,0.0895,0.0745,0.0009,0,0.0789,52559
h-第1轮-0323,第1轮,301120,新特电气,2023-12-15,11.26,1.0,2023-12-27,10.48,-6.93,12,False,False,6.01,-8.49,-4.87,0.2908,mixed,0.1105,0.3684,0.123,0.0504,0.3333,0.5788,0.1137,0.0895,0.0713,0.4714,0.421,57725
h-第1轮-0324,第1轮,300393,中来股份,2023-12-27,9.3,1.0,2024-04-16,7.5,-19.35,111,True,False,-3.6,-6.27,-26.53,0.1228,logprobs,0.0201,0.1404,0,0,0,0.4737,0.0248,0,0,0,0,50878
h-第1轮-0325,第1轮,301131,聚赛龙,2023-12-28,47.56,0.5,2024-01-02,50.19,5.53,5,False,False,-14.03,-28.41,-24.57,0.1368,mixed,0.0307,0.0702,0.3685,0.2455,0,0,0.0992,0.2105,0.0496,0,0,51774
h-第1轮-0326,第1轮,301131,聚赛龙,2023-12-28,47.56,0.5,2024-01-03,47.58,0.04,6,False,False,-12.63,-27.66,-24.72,0.0774,logprobs,0.0076,0.0887,0.0263,0.193,0,0.079,0.0667,0.0263,0.0496,0,0.0789,58051
h-第1轮-0328,第1轮,301131,聚赛龙,2024-01-05,43.62,0.5,2024-01-12,43.97,0.8,7,False,False,-8.71,-30.77,-25.59,0.0456,logprobs,0.0073,0.0176,0,0.2105,0,0,0.0248,0,0.0429,0,0,66101
h-第1轮-0327,第1轮,600926,XD杭州银,2024-01-03,8.67,1.0,2024-01-23,9.2,6.11,20,False,False,2.72,6.2,18.8,0.3577,logprobs,0.1119,0.4737,0.8772,0.227,0.0526,0.1579,0,0.1737,0.0971,0.0744,0,50868
h-第1轮-0329,第1轮,301120,新特电气,2024-01-05,11.13,1.0,2024-01-19,10.07,-9.52,14,False,False,-23.34,-14.1,-12.51,0.1196,logprobs,0.0611,0.1053,0,0.1064,0.3333,0.0527,0.0745,0,0.0856,0.4714,0.0745,58163
h-第1轮-0330,第1轮,301131,聚赛龙,2024-01-08,42.93,0.5,2024-01-12,43.97,2.42,4,False,False,-8.71,-30.77,-25.59,0.0995,logprobs,0.0168,0.1024,0.0879,0.2284,0,0.079,0.0725,0.0657,0.1938,0,0.079,64633
h-第1轮-0331,第1轮,688362,甬矽电子,2024-01-17,23.3,0.5,2024-07-18,18.86,-19.06,183,True,False,5.41,-4.56,20.73,0.0841,logprobs,0.0225,0.2105,0,0.2098,0,0,0.1969,0,0.0734,0,0,46024
h-第1轮-0332,第1轮,301131,聚赛龙,2024-01-18,41.31,0.5,2024-03-22,39.25,-4.99,64,False,False,-5.66,-18.5,-13.22,0.0605,logprobs,0.0077,0.036,0,0.2137,0,0.0526,0.051,0,0.0035,0,0.0526,51377
h-第1轮-0333,第1轮,688362,甬矽电子,2024-01-18,23.82,0.5,2024-07-18,18.86,-20.82,182,True,False,5.41,-4.56,20.73,0.2744,logprobs,0.0791,0.193,0,0.1788,0,1,0.0248,0,0.0231,0,0,51034
h-第1轮-0334,第1轮,301131,聚赛龙,2024-01-19,39.86,0.5,2024-03-26,36.92,-7.38,67,False,False,-4.2,-6.42,-3.6,0.0421,logprobs,0.0052,0.0351,0,0.1753,0,0,0.0496,0,0.0245,0,0,58895
h-第1轮-0335,第1轮,600926,XD杭州银,2024-02-07,9.44,1.0,2024-03-28,9.77,3.5,50,True,False,3.99,15.46,18.01,0.0667,logprobs,0.0076,0.1405,0.1054,0,0,0.0877,0.1081,0.0745,0,0,0.0657,59606
h-第1轮-0337,第1轮,600119,长江投资,2024-03-14,7.67,1.0,2024-10-29,7.69,0.26,229,True,False,6.11,40.31,5.98,0.0349,logprobs,0.0042,0.0176,0.0001,0.0526,0,0.104,0.0248,0.0002,0.0744,0,0.104,61203
h-第1轮-0338,第1轮,301131,聚赛龙,2024-04-23,31.99,0.5,2024-05-06,38.35,19.88,13,False,False,0.96,-0.99,-13.64,0.3335,logprobs,0.1535,0.3159,1,0.3516,0,0,0.2232,0,0.0905,0,0,51127
h-第1轮-0341,第1轮,603583,捷昌驱动,2024-05-14,20.98,1.0,2024-05-15,20.15,-3.96,1,False,False,-6.05,-8.34,-20.2,0.0316,logprobs,0.0042,0.1049,0.0532,0,0,0,0.0742,0.0752,0,0,0,50759
h-第1轮-0340,第1轮,301050,雷电微力,2024-04-25,34.6,1.0,2024-10-16,49.68,43.58,174,False,False,10.29,21.05,-1.91,0.3053,mixed,0.089,0.1754,0.3333,0.0176,0,1,0.0248,0.1737,0.0248,0,0,58143
h-第1轮-0339,第1轮,301131,聚赛龙,2024-04-25,34.55,0.5,2024-05-27,42.12,21.91,32,False,False,-14.96,-18.16,-27.71,0.2194,mixed,0.0452,0.3156,0.5088,0.2726,0,0,0.1138,0.0496,0.1427,0,0,58351
h-第1轮-0343,第1轮,688221,前沿生物,2024-05-17,6.6,1.0,2024-06-03,6.06,-8.18,17,False,False,-7.92,-8.91,-15.84,0.1649,mixed,0.036,0.2455,0,0,0,0.5789,0.0895,0,0,0,0,53128
h-第1轮-0344,第1轮,603583,捷昌驱动,2024-05-24,18.86,1.0,2024-06-03,18.43,-2.28,10,False,False,4.34,7.54,-18.5,0.042,logprobs,0.007,0.0703,0.0527,0.0871,0,0,0.0995,0.043,0.1232,0,0,56570
h-第1轮-0346,第1轮,603058,永吉股份,2024-05-31,7.71,0.5,2024-07-18,8.28,7.39,48,False,False,-5.8,-9.18,18.36,0.3682,mixed,0.1417,0.0526,0.3332,0.7192,0,0.7361,0.0745,0.1738,0.3604,0,0.2624,63778
h-第1轮-0347,第1轮,603058,永吉股份,2024-05-31,7.71,0.5,2024-11-11,10.48,35.93,164,False,False,-4.01,9.06,-10.78,0.4351,logprobs,0.157,0.474,0.228,0.4735,0,1,0.3719,0.0895,0.3722,0.0001,0,63394
h-第1轮-0351,第1轮,301069,凯盛新材,2024-06-06,13.95,0.5,2024-10-09,14.55,4.3,125,False,False,-3.09,-0.14,-2.82,0.173,logprobs,0.0608,0.193,0.0406,0.1579,0,0.4737,0.0496,0.0574,0,0,0.4737,58449
h-第1轮-0353,第1轮,603088,宁波精达,2024-06-18,7.41,1.0,2024-07-26,7.02,-5.26,38,False,False,-2.99,-18.09,3.42,0.0316,mixed,0.004,0.1056,0.0527,0,0,0,0.0746,0.0745,0,0,0,68548
h-第1轮-0348,第1轮,603088,宁波精达,2024-05-31,7.44,0.5,2024-06-06,6.92,-6.99,6,False,False,4.91,5.06,-12.72,0.1053,logprobs,0.0092,0.1843,0.0702,0.193,0,0.0792,0.0264,0.0992,0.0248,0,0.0792,62783
h-第1轮-0352,第1轮,603583,捷昌驱动,2024-06-07,18.0,1.0,2024-07-03,18.75,4.17,26,False,False,-0.05,-7.79,-8.53,0.1421,mixed,0.0328,0.1579,0.3159,0,0,0.2368,0,0.1968,0,0,0.2368,69894
h-第1轮-0354,第1轮,002019,亿帆医药,2024-06-19,12.38,0.5,2024-07-04,11.67,-5.74,15,False,False,0.94,0.69,6.51,0.0915,logprobs,0.0079,0.0882,0,0.1586,0,0.2105,0.0658,0,0.0008,0,0.0521,61915
h-第1轮-0356,第1轮,301131,聚赛龙,2024-06-25,34.47,0.5,2024-07-30,33.12,-3.92,35,False,False,-3.89,-10.39,4.53,0.5667,logprobs,0.2306,0.9737,0.0177,0.842,0,1,0.0263,0.025,0.2233,0,0,55563
h-第1轮-0357,第1轮,301131,聚赛龙,2024-06-27,34.82,0.5,2024-07-30,33.12,-4.88,33,False,False,-3.89,-10.39,4.53,0.5017,logprobs,0.216,1,0.0175,0.4911,0,1,0,0.0248,0.3605,0,0,51650
h-第1轮-0359,第1轮,603583,捷昌驱动,2024-07-05,18.72,1.0,2024-07-12,20.02,6.94,7,False,False,-17.18,-19.23,-13.34,0.4153,logprobs,0.1591,0.2634,0.7193,0.0937,0.0001,1,0.1487,0.3969,0.0678,0.0001,0,48934
h-第1轮-0358,第1轮,688221,前沿生物,2024-07-02,5.52,0.5,2024-07-04,5.19,-5.98,2,False,False,0.77,2.5,16.57,0.1965,mixed,0.0308,0.0877,0.07,0.2106,0.0351,0.5789,0.0894,0.099,0.0001,0.0496,0,54457
h-第1轮-0360,第1轮,688221,前沿生物,2024-07-17,5.24,1.0,2024-07-24,5.08,-3.05,7,False,False,7.87,1.18,32.09,0.2036,mixed,0.0803,0.0881,0,0.1403,0,0.7895,0.0659,0,0.108,0,0.2105,58165
h-第1轮-0361,第1轮,603583,捷昌驱动,2024-07-19,17.63,1.0,2024-07-23,16.61,-5.79,4,False,False,-1.69,-5.66,14.99,0.1052,logprobs,0.0766,0.1402,0,0.0526,0.3333,0,0.108,0,0.0744,0.4714,0,47062
h-第1轮-0366,第1轮,688221,前沿生物,2024-08-07,5.48,1.0,2024-09-03,4.93,-10.04,27,False,False,-4.67,25.35,93.1,0.0106,logprobs,0.0018,0.0528,0,0,0.0002,0,0.0746,0,0,0,0,50840
h-第1轮-0363,第1轮,603058,永吉股份,2024-07-25,7.54,0.5,2024-12-03,11.46,51.99,131,False,False,-14.31,-24.08,-22.16,0.3404,logprobs,0.0749,0.1754,0.3158,0.211,0,1,0.0248,0.1137,0.0742,0,0,62968
h-第1轮-0368,第1轮,603583,捷昌驱动,2024-08-21,15.77,1.0,2024-08-27,15.02,-4.76,6,False,False,0.27,8.85,33.95,0.1333,logprobs,0.0347,0.4737,0.0527,0,0,0.1402,0,0.0744,0,0,0.0991,64332
h-第1轮-0367,第1轮,001205,盛航股份,2024-08-16,14.78,0.5,2024-10-11,16.04,8.53,56,False,False,31.36,34.23,4.61,0.3672,logprobs,0.0993,0.386,0.2222,0.2279,0,1,0.124,0.0677,0.0249,0,0,59854
h-第1轮-0369,第1轮,601012,隆基绿能,2024-09-04,13.67,0.5,2024-10-08,19.28,41.04,34,False,False,-4.67,1.82,-18.52,0.1031,logprobs,0.0062,0.1053,0.1056,0.196,0,0.1086,0.043,0.074,0.0272,0,0.0494,54716
h-第1轮-0370,第1轮,301226,祥明智能,2024-09-05,18.2,1.0,2024-09-12,17.49,-3.9,7,False,False,28.53,49.29,48.26,0.0598,mixed,0.0069,0.1229,0,0.0706,0,0.1053,0.0895,0,0.0992,0,0,54536
h-第1轮-0372,第1轮,601012,隆基绿能,2024-09-11,13.36,0.5,2024-10-08,19.28,44.31,27,False,False,-4.67,1.82,-18.52,0.0947,logprobs,0.0059,0.158,0.1404,0.1751,0,0,0.0001,0.0248,0.025,0,0,52694
h-第1轮-0373,第1轮,001205,盛航股份,2024-09-12,14.73,0.5,2024-10-11,16.04,8.89,29,False,False,31.36,34.23,4.61,0.1335,logprobs,0.0096,0.158,0.2113,0.1928,0,0.1053,0,0.1133,0.0247,0,0.0744,65798
h-第1轮-0371,第1轮,603583,捷昌驱动,2024-09-10,15.06,1.0,2024-09-13,14.56,-3.32,3,False,False,38.39,30.56,68.2,0.3734,mixed,0.0627,0.3857,0.2991,0.1576,0.7615,0.2631,0.1241,0.1979,0.0425,0.2385,0,57334
h-第1轮-0374,第1轮,301226,祥明智能,2024-09-25,17.6,1.0,2024-10-09,22.97,30.51,14,False,False,5.75,27.86,-1.35,0.0891,logprobs,0.0064,0.0702,0.1757,0.112,0.0351,0.0527,0.0657,0.0246,0.0796,0.0496,0.0745,62161
h-第1轮-0378,第1轮,301069,凯盛新材,2024-10-17,13.21,0.5,2024-11-13,15.16,14.76,27,False,False,-3.03,14.31,-0.33,0.2388,mixed,0.0723,0.1057,0.4399,0.21,0,0.4386,0.0747,0.3982,0.0424,0,0.1985,76395
h-第1轮-0380,第1轮,603088,宁波精达,2024-10-17,6.41,0.5,2024-10-24,6.99,9.05,7,False,False,7.01,13.16,27.04,0.2042,logprobs,0.0664,0.2631,0.2105,0.5474,0,0,0.0428,0.0429,0.3272,0,0,58106
h-第1轮-0381,第1轮,688221,前沿生物,2024-10-18,5.75,1.0,2024-11-06,7.72,34.26,19,False,False,-0.65,21.5,31.87,0.0971,logprobs,0.0085,0.0676,0.1228,0.1886,0,0.1065,0.0956,0.0894,0.0224,0,0,60010
h-第1轮-0379,第1轮,301226,祥明智能,2024-10-17,20.85,1.0,2024-10-22,25.1,20.38,5,False,False,11.27,-3.67,-3.9,0.2649,mixed,0.0684,0.4737,0.1579,0.1403,0,0.5526,0.3008,0,0.0992,0,0.0789,71189
h-第1轮-0382,第1轮,002019,亿帆医药,2024-10-18,11.61,1.0,2024-10-30,11.75,1.21,12,False,False,6.21,-1.11,-13.36,0.1247,logprobs,0.0212,0.1096,0.1806,0.0526,0,0.2807,0.0777,0.0536,0.0744,0,0.2031,63476
h-第1轮-0383,第1轮,603088,宁波精达,2024-10-18,6.62,0.5,2024-10-25,7.1,7.25,7,False,False,5.63,6.9,26.06,0.2281,logprobs,0.0512,0.3158,0.2807,0.5439,0,0,0.1288,0.1509,0.0493,0,0,67371
h-第1轮-0385,第1轮,601012,隆基绿能,2024-11-19,18.64,1.0,2025-04-23,14.9,-20.06,155,True,False,3.29,0.6,11.21,0.0316,logprobs,0.0044,0.1578,0,0,0,0,0,0,0,0,0,49968
h-第1轮-0384,第1轮,301226,祥明智能,2024-10-30,23.59,0.5,2024-11-04,26.96,14.29,5,False,False,-13.87,-4.27,-10.01,0.3001,logprobs,0.0955,0.0526,0.141,0.7545,0.079,0.4736,0.0744,0.0997,0.1628,0.079,0,55190
h-第1轮-0386,第1轮,300313,*ST天山,2024-11-19,6.54,0.5,2025-05-26,5.71,-12.69,188,True,False,12.26,16.81,89.67,0.2561,logprobs,0.071,0.2632,0,0.5436,0,0.4737,0.1488,0,0.2363,0,0,55136
h-第1轮-0387,第1轮,300313,*ST天山,2024-11-22,6.51,0.5,2025-05-26,5.71,-12.29,185,True,False,12.26,16.81,89.67,0.09,logprobs,0.0208,0.1931,0,0.2567,0,0,0.0496,0,0.1622,0,0,47408
h-第1轮-0389,第1轮,301226,祥明智能,2024-11-27,23.74,0.5,2025-01-03,20.86,-12.13,37,False,False,14.77,21.48,7.86,0.1002,logprobs,0.0144,0.2456,0,0.1754,0,0.0802,0.124,0,0.0249,0,0.0801,66460
h-第1轮-0390,第1轮,301016,雷尔伟,2024-12-17,11.32,0.5,2024-12-23,10.77,-4.86,6,False,False,-9.01,-4.27,-1.58,0.1179,logprobs,0.028,0.2277,0.0987,0.2632,0,0,0.1938,0.0702,0.1488,0,0,49897
h-第1轮-0391,第1轮,301226,祥明智能,2024-12-17,24.52,0.5,2025-01-03,20.86,-14.93,17,False,False,14.77,21.48,7.86,0.1321,logprobs,0.0237,0.1604,0,0.2631,0,0.2369,0.0035,0,0.1137,0,0.2368,54021
h-第1轮-0393,第1轮,301069,凯盛新材,2024-12-30,15.49,1.0,2025-01-14,15.51,0.13,15,True,False,-7.29,1.87,-15.28,0.086,mixed,0.0084,0.1407,0,0.1842,0,0.1052,0.0654,0,0.0263,0,0.1052,50950
h-第1轮-0394,第1轮,603057,紫燕食品,2025-01-06,16.66,1.0,2025-01-22,16.32,-2.04,16,False,False,2.63,4.72,36.52,0.0351,logprobs,0.0058,0.0877,0.0351,0.0527,0,0,0.124,0.0496,0.0744,0,0,67042
h-第1轮-0392,第1轮,002977,天箭科技,2024-12-19,28.51,1.0,2024-12-23,27.58,-3.26,4,False,False,-7.98,-6.85,-0.8,0.1684,mixed,0.0288,0.1053,0.0527,0.1052,0,0.5789,0.0744,0.0745,0.0859,0,0,44937
h-第1轮-0395,第1轮,603602,纵横通信,2025-01-06,14.29,0.5,2025-02-10,17.84,24.84,35,False,False,7.68,12.28,-12.61,0.4947,mixed,0.1603,0.4385,0.6842,0.3509,0,1,0.4174,0.3158,0.1509,0,0,54774
h-第1轮-0396,第1轮,002977,天箭科技,2025-01-07,25.38,1.0,2025-01-16,25.6,0.87,9,False,False,4.41,5.62,0.0,0.3492,logprobs,0.1426,0.228,0.193,0.3251,0,1,0.0248,0.0496,0.4598,0,0,50724
h-第1轮-0400,第1轮,002977,天箭科技,2025-02-05,26.12,1.0,2025-02-07,26.73,2.34,2,False,False,1.16,3.93,36.25,0.0322,logprobs,0.0053,0.0702,0.073,0.0176,0,0.0001,0.0992,0.1032,0.0248,0,0.0001,54967
h-第1轮-0402,第1轮,605007,五洲特纸,2025-02-17,11.92,0.5,2025-03-10,12.09,1.43,21,False,False,0.17,-7.2,-7.36,0.0842,logprobs,0.0089,0.0528,0.193,0.1754,0,0,0.0745,0.0496,0.0247,0,0,52775
h-第1轮-0397,第1轮,301016,雷尔伟,2025-01-07,9.8,0.5,2025-02-10,11.03,12.55,34,False,False,-1.45,-0.73,18.22,0.2877,mixed,0.0894,0.3684,0.7893,0.281,0,0,0.1488,0.2103,0.138,0,0,49842
h-第1轮-0399,第1轮,301016,雷尔伟,2025-01-20,10.27,0.5,2025-02-10,11.03,7.4,21,False,False,-1.45,-0.73,18.22,0.307,logprobs,0.0982,0.386,0.8948,0.1754,0.0787,0,0.1626,0.1052,0.0248,0.0787,0,46230
h-第1轮-0403,第1轮,603230,内蒙新华,2025-02-17,11.59,0.5,2025-06-16,12.34,6.47,119,False,False,2.92,4.94,2.35,0.0917,logprobs,0.0102,0.2282,0.1247,0.1053,0,0,0.0655,0.051,0,0,0,46127
h-第1轮-0405,第1轮,002977,天箭科技,2025-02-20,27.14,1.0,2025-02-28,25.94,-4.42,8,False,False,9.37,3.55,46.61,0.0105,logprobs,0.0016,0,0,0.0526,0,0,0,0,0.0744,0,0,57773
h-第1轮-0404,第1轮,605007,五洲特纸,2025-02-18,11.71,0.5,2025-03-17,12.17,3.93,27,False,False,-2.14,-7.64,-4.52,0.0705,logprobs,0.0077,0.0001,0.1215,0.1788,0.0001,0.0521,0.0001,0.0882,0.0226,0.0001,0.0737,65494
h-第1轮-0406,第1轮,301016,雷尔伟,2025-02-25,10.99,0.5,2025-04-07,12.4,12.83,41,False,False,-1.13,10.32,-3.87,0.1239,mixed,0.0225,0.0587,0.1227,0.1403,0.193,0.105,0.0705,0.0892,0.0992,0.2729,0.0743,68334
h-第1轮-0408,第1轮,605007,五洲特纸,2025-03-13,11.99,0.5,2025-03-20,12.37,3.17,7,False,False,-0.81,-10.27,-10.75,0.1456,logprobs,0.015,0.2277,0.1756,0.1929,0.0529,0.079,0.1937,0.0249,0.0248,0.0748,0.079,53943
h-第1轮-0407,第1轮,301016,雷尔伟,2025-03-07,10.83,0.5,2025-04-10,13.73,26.78,34,False,False,-10.49,-2.84,-12.38,0.1193,mixed,0.0299,0,0.4207,0.1755,0.0001,0.0001,0.0001,0.1582,0.0248,0,0,44903
h-第1轮-0410,第1轮,002977,天箭科技,2025-03-20,28.3,1.0,2025-03-31,26.2,-7.42,11,False,False,-3.97,9.81,62.1,0.0667,mixed,0.022,0.1404,0,0,0,0.193,0.0249,0,0,0,0.2729,59439
h-第1轮-0409,第1轮,688390,固德威,2025-03-17,41.61,0.5,2025-09-15,54.67,31.39,182,False,False,5.01,-1.41,3.02,0.1315,logprobs,0.0609,0.0702,0.0877,0.1733,0.3261,0,0.0992,0.0656,0.0218,0.4612,0,63164
h-第1轮-0411,第1轮,603602,纵横通信,2025-03-21,17.39,0.5,2025-04-02,16.14,-7.19,12,False,False,-8.92,-2.48,-6.75,0.0768,logprobs,0.0146,0.1053,0,0.2784,0,0,0.0745,0,0.09,0,0,40037
h-第1轮-0413,第1轮,301226,祥明智能,2025-03-24,28.63,1.0,2025-04-24,25.58,-10.65,31,True,False,10.01,0.98,6.14,0.0141,logprobs,0.0032,0.0703,0,0,0,0,0.0994,0,0,0,0,44724
h-第1轮-0412,第1轮,688390,固德威,2025-03-24,43.48,0.5,2025-09-17,54.73,25.87,177,False,False,16.3,-2.87,7.51,0.0907,mixed,0.0063,0.1235,0.1053,0.1894,0,0.0351,0.0258,0.0744,0.0171,0,0.0496,65341
h-第1轮-0415,第1轮,603602,纵横通信,2025-04-11,14.93,0.5,2025-05-22,14.86,-0.47,41,False,False,2.02,-4.04,4.51,0.0669,logprobs,0.0074,0.0888,0.0528,0.193,0.0001,0,0.0664,0.0747,0.0248,0.0001,0,57510
h-第1轮-0416,第1轮,603602,纵横通信,2025-04-14,15.18,0.5,2025-05-22,14.86,-2.11,38,False,False,2.02,-4.04,4.51,0.0951,mixed,0.0239,0.1053,0,0.3158,0.002,0.0526,0.0745,0,0.1873,0.002,0.0744,66763
h-第1轮-0418,第1轮,301016,雷尔伟,2025-04-22,12.57,0.5,2025-07-29,12.39,-1.43,98,True,False,7.51,10.33,25.99,0.2353,mixed,0.1343,0.5637,0,0.6127,0,0,0.3157,0,0.2769,0,0,52255
h-第1轮-0419,第1轮,301016,雷尔伟,2025-04-28,12.22,0.5,2025-07-29,12.39,1.39,92,True,False,7.51,10.33,25.99,0.5298,logprobs,0.178,0.7195,0.175,0.7544,0,1,0.3967,0.0241,0.2163,0,0,51624
h-第1轮-0417,第1轮,605007,五洲特纸,2025-04-16,11.03,0.5,2025-06-12,11.43,3.63,57,False,False,-3.06,1.49,5.07,0.2614,logprobs,0.0722,0.2456,0.4035,0.158,0,0.5,0.1737,0.0496,0.0002,0,0.5,67653
h-第1轮-0424,第1轮,603230,内蒙新华,2025-07-01,12.68,0.5,2025-08-29,13.86,9.31,59,False,False,-8.59,-13.35,-11.26,0.0772,mixed,0.0099,0,0.1929,0.1931,0,0,0,0.0497,0.0495,0,0,58553
h-第1轮-0420,第1轮,605007,五洲特纸,2025-04-28,10.94,0.5,2025-06-16,11.62,6.22,49,False,False,-2.07,0.69,4.39,0.467,mixed,0.1283,0.4561,1,0.2104,0.0546,0.614,0.0248,0,0.0427,0.0771,0.3019,75483
h-第1轮-0426,第1轮,603602,纵横通信,2025-07-31,15.28,0.5,2025-08-15,15.53,1.64,15,True,False,5.6,-0.52,-3.09,0.1124,mixed,0.0214,0.1052,0.0526,0.1754,0,0.2289,0.0859,0.043,0.0248,0,0.2514,63294
h-第1轮-0421,第1轮,603057,紫燕食品,2025-05-26,20.87,1.0,2025-08-15,22.26,6.66,81,True,False,17.03,-1.26,-13.61,0.2464,mixed,0.0434,0.4561,0.3155,0.0879,0,0.3726,0.1082,0.1138,0.0657,0,0.2064,66570
h-第1轮-0427,第1轮,603602,纵横通信,2025-08-01,15.23,0.5,2025-08-15,15.53,1.97,14,True,False,5.6,-0.52,-3.09,0.053,logprobs,0.0062,0.0526,0.1228,0.0896,0,0,0.0744,0.0894,0.0662,0,0,56320
h-第1轮-0429,第1轮,605007,五洲特纸,2025-09-17,11.92,0.5,2025-09-22,11.52,-3.36,5,True,False,-0.09,0.52,0.69,0.0211,logprobs,0.0033,0,0,0.1054,0.0001,0,0,0,0.0745,0.0002,0,51588
h-第1轮-0430,第1轮,605007,五洲特纸,2025-09-18,11.67,0.5,2025-09-22,11.52,-1.29,4,True,False,-0.09,0.52,0.69,0.0491,logprobs,0.0083,0.0351,0.0001,0.2105,0,0,0.0496,0.0001,0.043,0,0,49727
h-第1轮-0431,第1轮,688297,中无人机,2025-09-19,47.79,1.0,2025-11-17,48.42,1.32,59,True,False,-5.64,-2.13,0.29,0.2205,mixed,0.0838,0.2078,0.0527,0.0526,0,0.7895,0.0497,0.0745,0.0744,0,0.2105,53099
h-第2轮-0002,第2轮,002065,东华软件,2017-07-19,9.28,1.0,2017-11-20,8.68,-6.47,124,False,False,-3.11,-3.92,-17.17,0.0105,logprobs,0.0019,0.0526,0,0,0,0,0.0745,0,0,0,0,45555
h-第2轮-0001,第2轮,002065,东华软件,2017-05-04,9.64,1.0,2017-06-09,9.89,2.59,36,False,False,-2.22,2.63,-4.55,0.1113,logprobs,0.016,0.0879,0.1442,0.0877,0,0.2368,0.0657,0.0605,0.0657,0,0.2368,64131
h-第2轮-0003,第2轮,300413,芒果超媒,2019-05-22,24.01,1.0,2019-07-08,20.97,-12.66,47,False,False,2.48,3.05,22.13,0.1649,logprobs,0.0274,0.2627,0,0.088,0,0.4737,0.1139,0,0.0658,0,0,52484
h-第2轮-0004,第2轮,600481,双良节能,2021-05-18,4.55,1.0,2021-05-28,5.08,11.65,10,False,False,0.0,14.57,68.7,0.2246,mixed,0.1025,0.1757,0.6842,0.0001,0.193,0.0701,0.0248,0.3722,0.0001,0.2729,0.0991,71393
h-第2轮-0006,第2轮,600989,宝丰能源,2021-08-17,14.85,1.0,2021-08-20,14.26,-3.97,3,False,False,1.4,14.17,0.63,0.1053,logprobs,0.0078,0.158,0.0702,0.193,0.0001,0.1053,0,0.0992,0.0248,0.0002,0.0744,64365
h-第2轮-0005,第2轮,600481,双良节能,2021-06-07,4.88,1.0,2021-07-01,5.85,19.88,24,False,False,29.23,42.56,78.46,0.2431,logprobs,0.0881,0.2982,0.7944,0.1229,0,0,0.1313,0.2056,0.0895,0,0,55855
h-第2轮-0008,第2轮,600989,宝丰能源,2021-12-10,14.67,1.0,2022-01-17,14.4,-1.84,38,False,False,2.71,4.72,-10.76,0.0667,logprobs,0.0053,0.158,0.0351,0.0351,0,0.1053,0.0002,0.0496,0.0496,0,0.0744,59868
h-第2轮-0007,第2轮,600989,宝丰能源,2021-09-28,14.51,1.0,2021-10-12,13.26,-8.61,14,False,False,3.62,-3.39,14.78,0.3513,mixed,0.1206,0.7017,0,0.211,0.3333,0.5107,0.2205,0,0.074,0.4714,0.0683,65900
h-第2轮-0009,第2轮,603043,广州酒家,2023-03-02,25.33,1.0,2023-03-20,24.69,-2.53,18,False,False,9.23,2.71,8.91,0.1175,logprobs,0.0085,0.1841,0.1228,0.2016,0,0.079,0.0262,0.0895,0.0327,0,0.079,51043
h-第2轮-0011,第2轮,603043,广州酒家,2023-04-18,25.36,0.5,2023-05-05,27.03,6.59,17,False,False,-2.96,-3.37,-11.36,0.351,logprobs,0.1471,0.5263,0.9737,0.1757,0.079,0,0.3518,0.0263,0.0247,0.079,0,48997
h-第2轮-0010,第2轮,603043,广州酒家,2023-04-18,25.36,0.5,2023-04-28,27.61,8.87,10,False,False,-7.79,-4.53,-14.27,0.3665,logprobs,0.1245,0.193,1,0.271,0.2106,0.1579,0.0247,0,0.1438,0.1969,0,62575
h-第2轮-0012,第2轮,603043,广州酒家,2023-05-11,26.09,1.0,2023-07-14,23.65,-9.35,64,False,False,0.08,-1.61,-17.25,0.2698,logprobs,0.0798,0.1756,0.0854,0.0351,0.0529,0.9999,0.0247,0.1208,0.0496,0.0748,0,52515
h-第2轮-0013,第2轮,300733,西菱动力,2023-05-29,11.13,1.0,2023-12-25,9.14,-17.88,210,True,False,-4.16,-18.49,-17.72,0.0562,logprobs,0.0079,0.088,0,0.0877,0,0.1053,0.0895,0,0.124,0,0.0745,55470
h-第4轮-0078,第4轮,300118,东方日升,2014-05-20,7.47,1.0,2014-05-27,7.99,6.96,7,False,False,-1.5,-13.27,-1.5,0.4618,logprobs,0.1766,0.3684,0.8947,0.0458,0,1,0.1488,0.1488,0.0647,0,0,59252
h-第4轮-0079,第4轮,300118,东方日升,2014-06-09,7.77,0.5,2014-08-20,8.05,3.6,72,False,False,2.61,6.71,6.09,0.2351,mixed,0.0315,0.2805,0.1755,0.193,0,0.5263,0.1507,0.0249,0.0496,0,0.0526,62283
h-第4轮-0080,第4轮,300118,东方日升,2014-06-25,6.93,0.5,2014-08-25,8.03,15.87,61,False,False,3.24,8.34,10.71,0.2042,mixed,0.0523,0.1754,0.2105,0.4248,0,0.2105,0.1508,0.0429,0.3328,0,0,57797
h-第4轮-0081,第4轮,300118,东方日升,2014-11-17,8.71,0.5,2014-12-24,7.42,-14.81,37,True,False,-2.29,1.89,74.12,0.4808,logprobs,0.1956,0.9825,0,0.4213,0,1,0.0248,0,0.2273,0,0,51450
h-第4轮-0082,第4轮,300118,东方日升,2014-12-09,8.65,0.5,2014-12-24,7.42,-14.22,15,True,False,-2.29,1.89,74.12,0.4737,logprobs,0.1986,0.7019,0,0.6666,0,1,0.385,0,0.2366,0,0,58718
h-第4轮-0085,第4轮,600067,冠城新材,2015-11-04,7.52,1.0,2016-04-22,5.64,-25.0,170,False,False,-5.85,-3.37,9.4,0.1342,logprobs,0.0613,0.4561,0,0.1448,0,0.0702,0.3852,0,0.0672,0,0.0992,65857
h-第4轮-0083,第4轮,000725,京东方Ａ,2015-03-06,2.69,0.5,2015-03-19,3.27,21.56,13,False,False,7.95,16.82,39.76,0.444,mixed,0.1381,0.1841,1,0.3691,0,0.6667,0.0262,0,0.1483,0,0.124,65312
h-第4轮-0084,第4轮,000725,京东方Ａ,2015-03-10,2.71,0.5,2015-03-23,3.45,27.31,13,False,False,6.09,19.42,27.25,0.5228,mixed,0.1624,0.2807,1,0.3157,0.0176,1,0.1381,0,0.0429,0.0248,0,60953
h-第4轮-0086,第4轮,600636,*ST国化,2015-12-07,14.85,1.0,2016-07-18,12.86,-13.4,224,True,False,8.01,3.89,-2.26,0.4439,logprobs,0.2096,0.9825,0,0.7368,0,0.5,0.0247,0,0.1969,0,0.5,55626
h-第4轮-0088,第4轮,300359,全通教育,2015-12-21,38.16,0.5,2016-08-01,27.05,-29.11,224,True,False,-0.85,-3.25,-23.29,0.0105,logprobs,0.0009,0.0351,0,0.0176,0,0,0.0496,0,0.0248,0,0,53277
h-第4轮-0089,第4轮,300359,全通教育,2015-12-30,35.82,0.5,2016-08-01,27.05,-24.48,215,True,False,-0.85,-3.25,-23.29,0.1262,logprobs,0.0193,0.1753,0,0.2187,0,0.2368,0.0246,0,0.0334,0,0.2368,53646
h-第4轮-0087,第4轮,600865,百大集团,2015-12-14,15.51,1.0,2015-12-31,18.3,17.99,17,False,False,-37.54,-47.21,-38.74,0.0846,logprobs,0.0064,0.1751,0.1581,0.0878,0,0.0021,0.0237,0.0002,0.0657,0,0,55661
h-第4轮-0092,第4轮,000630,铜陵有色,2016-02-19,2.31,1.0,2016-04-22,2.39,3.46,63,False,False,-7.11,-9.21,-3.77,0.3352,logprobs,0.1011,0.421,0.2103,0.1754,0,0.8694,0.043,0.0002,0.0247,0,0.1684,55674
h-第4轮-0093,第4轮,601360,三六零,2016-04-27,11.2,0.5,2016-06-13,12.07,7.77,47,False,False,13.84,7.54,-1.57,0.0926,logprobs,0.0078,0.0527,0.1579,0.1644,0,0.0877,0.0744,0.043,0.0864,0,0.0656,65333
h-第4轮-0090,第4轮,600865,百大集团,2016-01-15,11.43,0.5,2016-04-15,12.19,6.65,91,False,False,-11.81,-18.87,-12.72,0.3368,logprobs,0.1269,0.1579,0.1228,0.4035,0,0.9998,0,0.0894,0.179,0,0.0002,54003
h-第4轮-0094,第4轮,600865,百大集团,2016-05-03,11.04,0.5,2016-06-16,9.56,-13.41,44,False,False,6.38,10.98,14.64,0.0772,logprobs,0.0127,0.1755,0,0.2106,0,0,0.0248,0,0.1136,0,0,55243
h-第4轮-0095,第4轮,601360,三六零,2016-05-17,10.39,0.5,2016-06-13,12.07,16.17,27,False,False,13.84,7.54,-1.57,0.3503,mixed,0.132,0.2557,0.6665,0.1624,0,0.6667,0.1766,0.1986,0.0064,0,0.4714,62540
h-第4轮-0096,第4轮,002006,精工科技,2016-05-27,11.0,1.0,2016-06-07,11.73,6.64,11,False,False,14.32,14.83,10.74,0.1632,logprobs,0.0335,0.1579,0.386,0.0527,0.0002,0.219,0.043,0.1627,0.0746,0.0001,0.2189,57230
h-第4轮-0097,第4轮,601360,三六零,2016-07-04,13.15,0.5,2016-09-13,11.39,-13.38,71,False,False,0.97,6.5,-7.2,0.1826,mixed,0.0454,0.0702,0,0.5269,0.1578,0.1579,0.0657,0,0.0521,0.2232,0,55123
h-第4轮-0098,第4轮,000630,铜陵有色,2016-07-15,2.38,0.5,2016-08-08,2.24,-5.88,24,True,False,0.0,0.0,10.27,0.0602,logprobs,0.009,0.0878,0,0.2131,0,0,0.0657,0,0.0461,0,0,49806
h-第4轮-0099,第4轮,601360,三六零,2016-07-25,12.92,0.5,2016-09-13,11.39,-11.84,50,False,False,0.97,6.5,-7.2,0.0908,logprobs,0.0172,0.0526,0.0526,0.1404,0,0.2086,0.0745,0.0744,0.0992,0,0.194,64967
h-第4轮-0102,第4轮,601360,三六零,2016-10-24,12.17,1.0,2016-12-07,11.7,-3.86,44,True,False,-5.13,-4.44,-5.56,0.0456,logprobs,0.0066,0.0877,0,0.1404,0,0,0.0656,0,0.1081,0,0,59454
h-第4轮-0100,第4轮,300236,上海新阳,2016-10-10,24.42,0.5,2016-11-17,26.55,8.72,38,False,False,1.02,-6.93,-19.55,0.2204,logprobs,0.0288,0.1548,0.3683,0.1052,0,0.4737,0.0393,0.1139,0.0859,0,0,51754
h-第4轮-0101,第4轮,300236,上海新阳,2016-10-10,24.42,0.5,2016-11-22,27.7,13.43,43,False,False,-6.82,-10.04,-19.28,0.2245,mixed,0.0358,0.1576,0.2632,0.1579,0.0001,0.5439,0.0004,0.1052,0.0001,0,0.0496,59691
h-第4轮-0103,第4轮,600206,有研新材,2016-11-21,10.69,0.5,2017-02-15,9.41,-11.97,86,False,False,2.98,2.13,-12.22,0.0877,logprobs,0.0084,0.1403,0,0.1578,0,0.1403,0.1081,0,0.0428,0,0.0496,58430
h-第4轮-0104,第4轮,300236,上海新阳,2016-12-01,26.82,0.5,2016-12-14,24.35,-9.21,13,False,False,-1.48,-3.78,6.2,0.2002,mixed,0.087,0.2107,0,0.4218,0,0.3685,0.0002,0,0.3717,0,0.3685,58707
h-第4轮-0105,第4轮,600206,有研新材,2016-12-07,10.17,0.5,2017-02-15,9.41,-7.47,70,False,False,2.98,2.13,-12.22,0.2686,mixed,0.0704,0.3684,0.0526,0.2634,0.0531,0.6053,0.1053,0.0744,0.0856,0.0751,0.3947,56448
h-第4轮-0106,第4轮,300236,上海新阳,2016-12-08,26.31,0.5,2016-12-14,24.35,-7.45,6,False,False,-1.48,-3.78,6.2,0.2036,logprobs,0.0678,0.0883,0.0001,0.456,0,0.4737,0.0658,0.0001,0.3108,0,0,48004
h-第4轮-0108,第4轮,300236,上海新阳,2016-12-28,23.99,0.5,2017-01-13,22.15,-7.67,16,False,False,-2.66,-3.57,-11.06,0.2566,mixed,0.0734,0.2806,0.0563,0.1566,0,0.7895,0.0247,0.0796,0.0018,0,0.2105,64765
h-第4轮-0109,第4轮,002370,亚太药业,2016-12-29,14.62,0.5,2017-01-17,13.77,-5.81,19,False,False,2.54,7.63,7.77,0.1827,mixed,0.0479,0.386,0.2631,0.2646,0,0,0.1985,0.2393,0.0837,0,0,52541
h-第4轮-0112,第4轮,600206,有研新材,2017-02-28,9.69,0.5,2017-03-29,9.32,-3.82,29,False,False,4.29,-6.12,-11.16,0.0999,logprobs,0.0106,0.1399,0.0699,0.158,0,0.1316,0.1076,0.0987,0.0002,0,0.1315,59834
h-第4轮-0113,第4轮,600206,有研新材,2017-03-02,9.8,0.5,2017-03-29,9.32,-4.9,27,False,False,4.29,-6.12,-11.16,0.0957,logprobs,0.0173,0.1227,0.1451,0.1229,0,0.0876,0.0894,0.2053,0.0895,0,0.1239,58085
h-第4轮-0110,第4轮,300236,上海新阳,2017-01-20,21.14,1.0,2017-02-22,22.36,5.77,33,True,False,3.53,9.93,-14.27,0.3193,mixed,0.0833,0.4035,0.4209,0.0877,0,0.6842,0.1381,0.1551,0.124,0,0.2274,68423
h-第4轮-0116,第4轮,002722,物产金轮,2017-03-31,36.6,0.5,2017-11-08,31.31,-14.45,222,True,False,-6.55,-17.89,-41.65,0.0211,logprobs,0.0029,0,0,0.1053,0,0,0,0,0.0744,0,0,54611
h-第4轮-0115,第4轮,002722,物产金轮,2017-03-30,40.29,0.5,2017-11-08,31.31,-22.29,223,True,False,-6.55,-17.89,-41.65,0.0782,logprobs,0.0093,0.1403,0.0001,0.1978,0,0.0528,0.1081,0.0002,0.0127,0,0.0746,56746
h-第4轮-0114,第4轮,300140,节能环境,2017-03-10,15.6,0.5,2017-04-26,13.34,-14.49,47,False,False,-0.97,70.24,-16.94,0.0632,logprobs,0.0069,0.1231,0,0.1931,0,0,0.0246,0,0.0246,0,0,48860
h-第4轮-0117,第4轮,300140,节能环境,2017-04-20,14.28,0.5,2017-04-26,13.34,-6.58,6,False,False,-0.97,70.24,-16.94,0.2561,logprobs,0.0819,0.0879,0,0.1926,0,1,0.0657,0,0.0494,0,0,50351
h-第4轮-0119,第4轮,300140,节能环境,2017-05-12,13.23,0.5,2017-05-23,19.52,47.54,11,False,False,-3.64,-8.5,-42.32,0.337,logprobs,0.1483,0.2456,1,0.2281,0.0001,0.2111,0.2444,0,0.0656,0.0001,0,49208
h-第4轮-0120,第4轮,300140,节能环境,2017-05-12,13.23,0.5,2017-06-01,19.34,46.18,20,False,False,-8.32,-10.13,-38.93,0.3315,mixed,0.08,0.1755,0.1228,0.1664,0.193,1,0.025,0.0895,0.012,0.2729,0,55149
h-第4轮-0122,第4轮,300140,节能环境,2017-06-09,18.38,0.5,2017-09-07,16.57,-9.85,90,True,False,-38.26,-32.05,-37.48,0.0877,logprobs,0.0279,0.1228,0,0.3157,0,0,0.0894,0,0.1873,0,0,50437
h-第4轮-0123,第4轮,300140,节能环境,2017-06-23,17.18,0.5,2017-09-07,16.57,-3.55,76,True,False,-38.26,-32.05,-37.48,0.0913,mixed,0.0227,0.0881,0,0.1754,0,0.193,0.0658,0.0001,0.0248,0,0.2729,67201
h-第4轮-0124,第4轮,002294,信立泰,2017-11-29,31.07,1.0,2017-12-06,32.91,5.92,7,False,False,12.85,13.25,9.75,0.1772,logprobs,0.0422,0.1579,0.4386,0.1843,0.0001,0.1053,0.0001,0.2862,0.0215,0,0.1053,65072
h-第4轮-0126,第4轮,002537,海联金汇,2018-01-31,9.85,0.5,2018-03-02,10.58,7.41,30,False,False,9.26,7.47,-5.67,0.2176,mixed,0.0786,0.0351,0.1054,0.228,0,0.7193,0.0497,0.0745,0.0248,0,0.1985,65926
h-第4轮-0127,第4轮,002537,海联金汇,2018-02-22,9.3,0.5,2018-03-13,11.25,20.97,19,False,False,9.16,0.89,-16.89,0.1562,mixed,0.0223,0.1191,0.1755,0.1967,0,0.2895,0.0844,0.0248,0.0277,0,0.2894,58370
h-第4轮-0125,第4轮,002294,信立泰,2018-01-22,35.61,1.0,2018-01-30,33.36,-6.32,8,False,False,-0.48,6.32,8.72,0.0955,logprobs,0.009,0.0701,0.0527,0.0567,0.1402,0.1579,0.0991,0.0745,0.0802,0.0991,0,59198
h-第4轮-0128,第4轮,002537,海联金汇,2018-04-27,11.17,0.5,2018-05-30,10.11,-9.49,33,False,False,-8.21,-7.72,-5.74,0.0148,logprobs,0.0034,0,0,0.0702,0,0.0036,0,0,0.0993,0.0001,0,45259
h-第4轮-0129,第4轮,002537,海联金汇,2018-05-21,10.67,0.5,2018-05-30,10.11,-5.25,9,False,False,-8.21,-7.72,-5.74,0.3088,mixed,0.0997,0.2632,0.1399,0.176,0.3333,0.6315,0.1488,0.1076,0.0227,0.4714,0.3685,66405
h-第4轮-0132,第4轮,002537,海联金汇,2018-07-31,9.62,1.0,2018-09-12,9.86,2.49,43,True,False,6.69,1.72,5.78,0.0587,logprobs,0.0077,0.0526,0.2058,0,0,0.0351,0.0744,0.0374,0,0,0.0496,52559
h-第4轮-0131,第4轮,603828,ST柯利达,2018-07-31,5.47,0.5,2018-08-22,6.17,12.8,22,False,False,-2.59,-1.62,-7.46,0.3666,logprobs,0.1474,0.1227,0.5526,0.1579,0,1,0.0495,0.3947,0,0,0,54676
h-第4轮-0130,第4轮,603828,ST柯利达,2018-07-31,5.47,0.5,2018-08-08,5.63,2.93,8,False,False,9.59,6.75,5.51,0.2473,mixed,0.0656,0.1579,0.2807,0.2978,0.5,0,0,0.0657,0.1243,0.5,0,52082
h-第4轮-0134,第4轮,603828,ST柯利达,2018-11-01,6.0,0.5,2019-02-26,7.33,22.17,117,True,False,10.5,2.18,15.96,0.0718,logprobs,0.0093,0.0351,0.1315,0.1223,0,0.0701,0.0496,0.1315,0.0893,0,0.0991,51753
h-第4轮-0137,第4轮,603229,奥翔药业,2018-12-03,2.62,0.5,2019-02-27,2.65,1.15,86,False,False,9.43,26.04,0.0,0.0948,mixed,0.0237,0.0526,0.2983,0.1229,0,0,0.0526,0.1985,0.0895,0,0,60218
h-第4轮-0133,第4轮,603229,奥翔药业,2018-10-30,2.43,0.5,2018-11-21,2.72,11.93,22,False,False,-1.84,-12.5,-6.25,0.3723,mixed,0.112,0.3688,0.7368,0.1768,0,0.5789,0.1491,0.3722,0.0267,0,0,56297
h-第4轮-0135,第4轮,603828,ST柯利达,2018-11-20,5.83,0.5,2019-02-26,7.33,25.73,98,True,False,10.5,2.18,15.96,0.2912,logprobs,0.0799,0.2806,0.6843,0.386,0,0.1053,0.138,0.2274,0.1241,0,0,56197
h-第4轮-0139,第4轮,600496,精工钢构,2019-01-25,2.37,0.5,2019-02-20,2.49,5.06,26,False,False,14.86,16.47,15.66,0.5321,logprobs,0.148,0.351,1,0.17,0.1397,1,0.138,0,0.0293,0.107,0,55515
h-第4轮-0140,第4轮,600496,精工钢构,2019-01-28,2.36,0.5,2019-02-20,2.49,5.51,23,False,False,14.86,16.47,15.66,0.4124,mixed,0.1498,0.2983,1,0.1848,0,0.5789,0.1627,0,0.0257,0,0,55765
h-第4轮-0141,第4轮,000301,东方盛虹,2019-02-27,4.99,0.5,2019-03-08,5.47,9.62,9,False,False,3.11,12.8,-3.29,0.0703,logprobs,0.0063,0.0526,0.158,0.1409,0,0,0.0744,0.043,0.0252,0,0,61140
h-第4轮-0142,第4轮,000301,东方盛虹,2019-02-27,4.99,0.5,2019-04-08,6.17,23.65,40,False,False,-7.29,-18.8,-15.88,0.1213,logprobs,0.0157,0.0526,0.2555,0.1755,0,0.123,0.0744,0.1546,0.0248,0,0.0894,61227
h-第4轮-0143,第4轮,603843,*ST正平,2019-02-28,5.73,0.5,2019-03-21,6.62,15.53,21,False,False,17.98,10.57,-16.92,0.1473,logprobs,0.0246,0.2632,0.2974,0.1757,0,0,0.1488,0.1315,0.0247,0,0,52025
h-第4轮-0144,第4轮,002386,天原股份,2019-03-14,4.58,1.0,2019-05-06,4.49,-1.97,53,False,False,-1.11,-2.9,6.24,0.0106,logprobs,0.0018,0.0527,0,0,0,0,0.0744,0,0,0,0,50742
h-第4轮-0146,第4轮,603843,*ST正平,2019-04-17,7.13,0.5,2019-07-02,5.55,-22.16,76,False,False,-4.5,3.42,-3.78,0.1371,mixed,0.0346,0.1888,0,0.1754,0,0.321,0.1972,0,0.0248,0.0001,0.2405,61371
h-第4轮-0145,第4轮,000301,东方盛虹,2019-03-28,5.45,0.5,2019-04-25,5.63,3.3,28,False,False,-12.08,-13.14,-10.83,0.1929,mixed,0.0222,0.1929,0.2457,0.1577,0,0.3684,0.0496,0.1627,0.0743,0,0.1052,68784
h-第4轮-0149,第4轮,000301,东方盛虹,2019-05-10,5.1,0.5,2019-06-06,5.29,3.73,27,False,False,0.57,-1.89,-9.45,0.1526,logprobs,0.0243,0.2277,0.1755,0.1229,0,0.2368,0.1783,0.0248,0.0894,0,0.2368,59263
h-第4轮-0151,第4轮,603843,*ST正平,2019-05-13,5.74,0.5,2019-07-02,5.55,-3.31,50,False,False,-4.5,3.42,-3.78,0.204,mixed,0.0281,0.1921,0.0526,0.1966,0,0.5789,0.0481,0.0744,0.0459,0,0,53978
h-第4轮-0150,第4轮,000301,东方盛虹,2019-05-10,5.1,0.5,2019-08-21,4.87,-4.51,103,False,False,3.7,5.34,-3.7,0.0912,logprobs,0.0189,0.2453,0,0.2105,0,0,0.1618,0,0.0429,0,0,58298
h-第4轮-0147,第4轮,603229,奥翔药业,2019-04-30,2.89,1.0,2019-05-20,2.67,-7.61,20,False,False,-2.25,-1.87,-4.12,0.2176,mixed,0.0927,0.2457,0,0.0526,0,0.7895,0.1626,0,0.0744,0,0.2105,53674
h-第4轮-0152,第4轮,002386,天原股份,2019-06-11,4.41,1.0,2019-08-05,4.45,0.91,55,False,False,-4.49,-5.39,-7.19,0.0491,logprobs,0.005,0.1053,0.1053,0.0351,0,0,0.0744,0.0744,0.0496,0,0,57300
h-第4轮-0153,第4轮,300645,正元智慧,2019-06-18,14.9,0.5,2019-07-23,14.35,-3.69,35,False,False,-3.07,1.11,4.95,0.119,mixed,0.0226,0.1909,0,0.1231,0.0352,0.2456,0.0234,0,0.0895,0.0498,0.2444,61248
h-第4轮-0155,第4轮,000301,东方盛虹,2019-07-15,5.15,0.5,2019-08-21,4.87,-5.44,37,False,False,3.7,5.34,-3.7,0.138,mixed,0.0251,0.1403,0.193,0.1986,0,0.1579,0.0894,0.2729,0.0169,0,0,56530
h-第4轮-0158,第4轮,300645,正元智慧,2019-08-05,14.37,0.5,2020-01-17,14.64,1.88,165,True,False,6.22,8.81,0.07,0.1509,logprobs,0.0221,0.2631,0.0528,0.1753,0,0.2632,0.1489,0.0746,0.0245,0,0.1549,62339
h-第4轮-0154,第4轮,300645,正元智慧,2019-07-05,14.94,0.5,2019-07-23,14.35,-3.95,18,False,False,-3.07,1.11,4.95,0.4597,mixed,0.1621,0.7368,0.0529,0.5088,0,1,0.2632,0.0742,0.2626,0,0,53662
h-第4轮-0159,第4轮,300645,正元智慧,2019-08-06,13.91,0.5,2020-01-17,14.64,5.25,164,True,False,6.22,8.81,0.07,0.0968,logprobs,0.0063,0.1056,0.1677,0.1581,0,0.0526,0.0747,0.0138,0.0001,0,0.0744,60015
h-第4轮-0160,第4轮,603580,*ST艾艾,2019-08-08,11.71,0.5,2020-03-18,10.74,-8.28,223,True,False,12.1,6.15,8.47,0.193,mixed,0.0723,0.2627,0,0.1407,0,0.5614,0.1482,0,0.0494,0,0.3282,58116
h-第4轮-0161,第4轮,603628,清源股份,2019-08-09,7.02,0.5,2019-09-19,7.9,12.54,41,False,False,2.03,0.89,-3.8,0.5159,logprobs,0.1587,0.3513,1,0.1755,0.0528,1,0.1075,0,0.0249,0.0746,0,58174
h-第4轮-0162,第4轮,603628,清源股份,2019-08-12,7.15,0.5,2019-09-19,7.9,10.49,38,False,False,2.03,0.89,-3.8,0.3649,logprobs,0.1376,0.3684,1,0.2983,0,0.1579,0.1488,0,0.1313,0,0,58614
h-第4轮-0166,第4轮,002386,天原股份,2019-09-02,4.21,1.0,2019-10-24,4.17,-0.95,52,True,False,-1.44,-5.28,4.8,0.1511,logprobs,0.0636,0.4561,0.0998,0.1207,0,0.0789,0.3852,0.1172,0.0874,0,0.0789,59760
h-第4轮-0165,第4轮,000301,东方盛虹,2019-08-27,4.85,0.5,2019-09-09,5.15,6.19,13,False,False,-2.52,0.78,-6.02,0.3561,mixed,0.1042,0.4034,0.8246,0.1579,0,0.3947,0.138,0.2481,0.043,0,0.1842,60400
h-第4轮-0169,第4轮,002630,ST华西,2019-10-22,2.52,1.0,2020-06-03,2.1,-16.67,225,True,False,-1.9,-0.95,12.38,0.1255,logprobs,0.0273,0.3819,0,0.0351,0,0.2106,0.1213,0,0.0495,0,0.0001,57150
h-第4轮-0171,第4轮,002436,兴森科技,2019-11-05,7.48,1.0,2019-11-25,6.55,-12.43,20,False,False,9.16,11.91,137.86,0.0299,logprobs,0.0023,0.1319,0,0.0175,0,0,0.026,0,0.0247,0,0,51595
h-第4轮-0170,第4轮,603628,清源股份,2019-11-04,7.52,0.5,2019-11-08,7.67,1.99,4,False,False,-3.91,-3.13,-6.78,0.321,mixed,0.086,0.2368,0.3685,0.2104,0,0.7895,0.2368,0.1054,0.0429,0,0.2105,60762
h-第4轮-0173,第4轮,603040,新坐标,2019-11-12,11.85,0.5,2020-04-10,9.87,-16.71,150,False,False,1.01,2.74,55.62,0.2291,logprobs,0.1238,0.4791,0,0.6666,0,0,0.3081,0,0.2031,0,0,51806
h-第4轮-0174,第4轮,603628,清源股份,2019-11-18,7.5,1.0,2019-11-21,7.38,-1.6,3,False,False,0.41,2.98,0.68,0.1124,logprobs,0.0167,0.2635,0.1056,0.0352,0,0.1579,0.1492,0.0747,0.0498,0,0,60623
h-第4轮-0175,第4轮,603040,新坐标,2019-11-22,11.75,0.5,2020-04-10,9.87,-16.0,140,False,False,1.01,2.74,55.62,0.1484,logprobs,0.0214,0.1741,0,0.3061,0,0.2617,0.023,0,0.1351,0,0,51914
h-第4轮-0176,第4轮,603628,清源股份,2019-12-04,7.4,1.0,2020-02-04,6.69,-9.59,62,False,False,11.21,8.52,5.68,0.2421,logprobs,0.0817,0.3158,0.1053,0.0527,0.0001,0.7368,0.1579,0.0745,0.0744,0.0001,0.2632,53308
h-第4轮-0177,第4轮,600903,贵州燃气,2019-12-24,14.77,1.0,2020-01-16,14.15,-4.2,23,False,False,-15.97,-10.95,-25.37,0.3232,mixed,0.0673,0.2974,0.2105,0.1957,0.3333,0.5789,0.125,0.0002,0.0477,0.4714,0,57935
h-第4轮-0178,第4轮,603345,安井食品,2019-12-30,54.05,0.5,2020-02-13,49.32,-8.75,45,False,False,40.19,37.51,93.98,0.0684,logprobs,0.007,0.0527,0,0.1752,0.0352,0.079,0.0745,0,0.0494,0.0496,0.079,50582
h-第4轮-0179,第4轮,603345,安井食品,2020-01-02,51.99,0.5,2020-02-13,49.32,-5.14,42,False,False,40.19,37.51,93.98,0.2076,logprobs,0.0614,0.2808,0.1055,0.2114,0,0.4404,0.1735,0.0742,0.0041,0,0.3978,66818
h-第4轮-0180,第4轮,603266,天龙股份,2020-01-23,11.46,0.5,2020-03-30,9.42,-17.8,67,False,False,3.29,9.77,17.73,0.1962,mixed,0.0305,0.158,0,0.2442,0,0.5789,0.0431,0,0.0239,0,0,52210
h-第4轮-0184,第4轮,603266,天龙股份,2020-03-03,11.16,0.5,2020-03-30,9.42,-15.59,27,False,False,3.29,9.77,17.73,0.0475,logprobs,0.0057,0.0526,0,0.1847,0,0,0.0744,0,0.0256,0,0,54828
h-第4轮-0185,第4轮,603693,江苏新能,2020-03-11,6.63,0.5,2020-06-24,9.27,39.82,105,False,False,2.16,-5.72,1.62,0.0639,logprobs,0.0071,0,0.1931,0.1245,0.0018,0,0,0.0248,0.0237,0.0023,0,53172
h-第4轮-0183,第4轮,300415,伊之密,2020-02-06,6.93,0.5,2020-03-30,6.11,-11.83,53,False,False,-1.8,-8.18,10.8,0.1667,mixed,0.0348,0.1403,0,0.3158,0.193,0.1842,0.0248,0,0.1873,0.2729,0.0263,66407
h-第4轮-0188,第4轮,002486,嘉麟杰,2020-03-24,3.48,0.5,2020-04-09,5.35,53.74,16,False,False,-15.51,-24.3,-18.32,0.2614,logprobs,0.167,0.1228,0.9999,0.1843,0,0,0.0895,0,0.0262,0,0,50895
h-第4轮-0190,第4轮,002486,嘉麟杰,2020-04-21,4.44,0.5,2020-05-11,4.01,-9.68,20,False,False,-9.23,-3.24,0.75,0.0558,logprobs,0.0082,0,0,0.1995,0,0.0794,0,0,0.0456,0,0.0786,53948
h-第4轮-0187,第4轮,603693,江苏新能,2020-03-20,6.08,0.5,2020-09-23,9.32,53.29,187,True,False,5.47,0.0,0.97,0.3175,mixed,0.1319,0.3158,0.1053,0.6665,0,0.5,0.1579,0.0745,0.3049,0,0.5,64503
h-第4轮-0189,第4轮,002486,嘉麟杰,2020-03-25,3.67,0.5,2020-04-09,5.35,45.78,15,False,False,-15.51,-24.3,-18.32,0.3475,logprobs,0.17,0.1053,1,0.1581,0.0004,0.4737,0,0,0.0002,0.0002,0,46529
h-第4轮-0191,第4轮,002486,嘉麟杰,2020-04-22,4.58,0.5,2020-05-11,4.01,-12.45,19,False,False,-9.23,-3.24,0.75,0.1023,logprobs,0.0191,0.1053,0,0.1937,0,0.2124,0.0744,0,0.0885,0,0.1949,60185
h-第4轮-0193,第4轮,603266,天龙股份,2020-04-30,10.06,0.5,2020-08-04,12.13,20.58,96,False,False,-0.66,2.06,-4.37,0.3871,mixed,0.1305,0.0878,0.2965,0.7881,0,0.7631,0.0657,0.2008,0.1554,0,0.2368,68608
h-第4轮-0194,第4轮,300415,伊之密,2020-05-26,6.71,1.0,2020-07-14,8.19,22.06,49,False,False,14.9,18.32,71.92,0.214,mixed,0.0463,0.1929,0.1931,0.0526,0,0.6315,0.0656,0.0246,0.0744,0,0.1578,63764
h-第4轮-0195,第4轮,002486,嘉麟杰,2020-07-01,3.98,0.5,2020-07-14,4.33,8.79,13,False,False,-7.16,-10.39,-15.7,0.4325,logprobs,0.1092,0.1757,0.7192,0.2204,0.0472,1,0.0247,0.1314,0.0452,0.0667,0,56650
h-第4轮-0196,第4轮,002486,嘉麟杰,2020-07-01,3.98,0.5,2020-09-09,3.99,0.25,70,False,False,-3.76,-6.27,-19.8,0.2004,logprobs,0.0341,0.2807,0,0.3159,0,0.4055,0.0992,0,0.1548,0,0,51115
h-第4轮-0197,第4轮,600903,贵州燃气,2020-07-03,9.9,1.0,2020-08-07,10.9,10.1,35,True,False,5.69,4.31,3.3,0.0599,logprobs,0.0074,0.124,0.1053,0.07,0,0,0.09,0.0744,0.099,0,0,57149
h-第4轮-0199,第4轮,603927,中科软,2020-10-28,18.6,1.0,2021-01-25,17.0,-8.6,89,False,False,-11.0,-0.53,1.06,0.0072,logprobs,0.0007,0.0358,0,0,0.0001,0,0.0492,0,0,0.0001,0,60062
h-第4轮-0198,第4轮,002486,嘉麟杰,2020-07-20,4.24,0.5,2020-09-09,3.99,-5.9,51,False,False,-3.76,-6.27,-19.8,0.1614,logprobs,0.071,0.3158,0,0.4911,0,0,0.1579,0,0.2589,0,0,43066
h-第4轮-0201,第4轮,603028,赛福天,2020-11-20,9.28,0.5,2021-06-11,9.42,1.51,203,True,False,-0.42,4.99,-12.42,0.1965,mixed,0.059,0.1755,0.0877,0.1404,0,0.5789,0.0248,0.0656,0.0248,0,0.4211,59011
h-第4轮-0200,第4轮,603028,赛福天,2020-11-04,9.76,0.5,2021-01-21,8.37,-14.24,78,False,False,-2.03,2.63,5.97,0.1754,logprobs,0.0737,0.193,0,0.2105,0,0.4737,0.2367,0,0.043,0,0.4737,60817
h-第4轮-0202,第4轮,603028,赛福天,2021-02-01,8.04,0.5,2021-06-11,9.42,17.16,130,True,False,-0.42,4.99,-12.42,0.15,logprobs,0.0296,0.2982,0.1399,0.3118,0,0,0.124,0.1075,0.1433,0,0,50487
h-第4轮-0203,第4轮,603045,福达合金,2021-02-03,10.31,1.0,2021-03-22,12.07,17.07,47,False,False,-9.28,-6.38,-4.14,0.3088,logprobs,0.1549,0.4035,0.9824,0.0003,0,0.1579,0.0993,0.0248,0.0004,0,0,60183
h-第4轮-0204,第4轮,603927,中科软,2021-02-10,15.67,1.0,2021-02-25,16.23,3.57,15,False,False,5.85,3.39,2.46,0.2913,logprobs,0.0983,0.2632,0.4567,0,0,0.7368,0.1488,0.236,0,0,0.2631,54295
h-第4轮-0206,第4轮,603927,中科软,2021-03-15,16.79,1.0,2021-05-20,15.88,-5.42,66,True,False,5.79,18.95,3.4,0.1,mixed,0.0238,0.1579,0,0.0525,0,0.2895,0,0,0.0743,0,0.2895,57001
h-第4轮-0207,第4轮,603217,元利科技,2021-04-07,14.39,1.0,2021-06-16,15.84,10.08,70,False,False,0.95,14.14,62.25,0.0422,logprobs,0.0051,0.1053,0.1056,0,0,0,0.0744,0.0747,0,0,0,52369
h-第4轮-0205,第4轮,002903,宇环数控,2021-02-18,11.94,1.0,2021-03-25,12.09,1.26,35,False,False,6.37,6.53,9.68,0.2844,logprobs,0.1428,0.2807,0.1053,0.0359,0,1,0.1381,0.0745,0.0507,0,0.0001,67396
h-第4轮-0208,第4轮,002903,宇环数控,2021-04-07,12.76,0.5,2021-05-21,12.38,-2.98,44,False,False,-0.24,6.14,22.86,0.0739,logprobs,0.0084,0.1929,0,0.1755,0.0009,0,0.0243,0,0.0248,0.0008,0,56727
h-第4轮-0210,第4轮,002903,宇环数控,2021-04-15,13.16,0.5,2021-05-21,12.38,-5.93,36,False,False,-0.24,6.14,22.86,0.0553,logprobs,0.0066,0.0351,0,0.172,0.0696,0,0.0496,0,0.0201,0.0984,0,56841
h-第4轮-0211,第4轮,300017,网宿科技,2021-04-16,5.81,0.5,2021-11-23,5.7,-1.89,221,True,False,4.21,7.54,18.07,0.3228,logprobs,0.137,0.3685,0,0.2455,0,1,0.0859,0,0.0497,0,0,64410
h-第4轮-0209,第4轮,300017,网宿科技,2021-04-12,5.82,0.5,2021-11-23,5.7,-2.06,225,True,False,4.21,7.54,18.07,0.2035,mixed,0.0443,0.1579,0,0.3331,0,0.5263,0.043,0,0.1788,0,0.0526,59968
h-第4轮-0213,第4轮,603217,元利科技,2021-07-05,15.99,1.0,2021-08-12,22.01,37.65,38,False,False,28.53,20.54,9.54,0.0912,mixed,0.0249,0.0877,0.175,0,0,0.193,0.124,0.0242,0,0,0.2729,68530
h-第4轮-0212,第4轮,603045,福达合金,2021-05-11,10.8,0.5,2021-06-24,11.73,8.61,44,False,False,2.3,5.46,24.21,0.4612,logprobs,0.1498,0.5964,1,0.2097,0.5,0,0.0894,0,0.042,0.5,0,48251
h-第4轮-0215,第4轮,002903,宇环数控,2021-07-21,13.57,1.0,2021-08-31,19.44,43.26,41,False,False,0.77,-19.7,-8.18,0.0802,logprobs,0.0094,0.1053,0.2174,0,0.0001,0.0782,0.0745,0.044,0,0.0001,0.0782,53051
h-第4轮-0219,第4轮,603217,元利科技,2021-09-08,25.7,1.0,2021-09-13,24.59,-4.32,5,False,False,0.81,10.53,-4.31,0.0808,logprobs,0.0193,0.3158,0.0001,0.0529,0.0351,0,0.1579,0.0001,0.0748,0.0496,0,45761
h-第4轮-0220,第4轮,603217,元利科技,2021-09-22,23.58,1.0,2021-10-13,21.84,-7.38,21,False,False,17.4,7.33,24.4,0.0772,logprobs,0.007,0.1228,0,0.0526,0.0527,0.1579,0.0894,0,0.0744,0.0745,0,56347
h-第4轮-0224,第4轮,002990,盛视科技,2021-11-23,28.11,0.5,2022-01-19,31.44,11.85,57,False,False,-4.87,-13.2,-31.87,0.3719,mixed,0.0857,0.193,0.2983,0.3684,0,1,0.0248,0.2031,0.1488,0,0,56699
h-第4轮-0225,第4轮,002990,盛视科技,2021-12-08,26.88,0.5,2022-02-11,28.44,5.8,65,False,False,-9.7,-17.33,-17.41,0.0947,logprobs,0.0077,0.0877,0.1578,0.1229,0,0.1053,0.0656,0.1137,0.0497,0,0,57208
h-第4轮-0227,第4轮,002990,盛视科技,2022-01-28,29.11,0.5,2022-02-11,28.44,-2.3,14,False,False,-9.7,-17.33,-17.41,0.0957,logprobs,0.0079,0.0877,0,0.1802,0,0.2104,0.0657,0,0.0222,0,0,48603
h-第4轮-0231,第4轮,002990,盛视科技,2022-03-17,22.41,1.0,2022-04-26,18.34,-18.16,40,False,True,28.08,34.9,53.27,0.0933,logprobs,0.0284,0.3876,0,0,0,0.0789,0.1253,0,0,0,0.0789,52800
h-第4轮-0228,第4轮,300848,美瑞新材,2022-02-07,9.76,1.0,2022-03-15,9.21,-5.64,36,False,False,5.1,3.47,-1.41,0.0666,logprobs,0.0135,0.2279,0.07,0.0351,0.0001,0,0.0657,0.0991,0.0496,0,0,35939
h-第4轮-0230,第4轮,601163,三角轮胎,2022-02-28,11.44,1.0,2022-03-15,10.7,-6.47,15,False,False,1.31,0.84,-2.71,0.1474,logprobs,0.0462,0.4035,0.0702,0,0.0001,0.2631,0.2762,0.0656,0,0.0001,0,57267
h-第4轮-0233,第4轮,600531,豫光金铅,2022-04-13,5.11,0.5,2022-11-23,5.07,-0.78,224,True,False,1.38,-1.58,8.88,0.0664,mixed,0.0067,0.1737,0.0001,0.1056,0,0.0527,0.022,0.0002,0.0747,0,0.0744,65106
h-第4轮-0232,第4轮,601163,三角轮胎,2022-03-30,10.96,1.0,2022-04-21,10.34,-5.66,22,False,False,-5.9,-5.71,1.64,0.2597,logprobs,0.0796,0.2807,0.1755,0.0353,0.3334,0.4737,0.2031,0.0247,0.0495,0.4714,0,60478
h-第4轮-0234,第4轮,603790,雅运股份,2022-04-14,9.71,0.5,2022-10-31,9.33,-3.91,200,True,False,7.29,9.11,23.9,0.1001,logprobs,0.0228,0.3335,0,0.0878,0,0.079,0.1382,0,0.0895,0,0.079,53384
h-第4轮-0235,第4轮,603790,雅运股份,2022-04-19,9.69,0.5,2022-10-31,9.33,-3.72,195,True,False,7.29,9.11,23.9,0.1299,mixed,0.0192,0.0527,0.0527,0.1756,0,0.3684,0.0745,0.0743,0.0478,0,0.1053,58610
h-第4轮-0239,第4轮,600531,豫光金铅,2022-04-28,4.16,0.5,2022-11-23,5.07,21.88,209,True,False,1.38,-1.58,8.88,0.5597,logprobs,0.1832,1,0.1842,0.6144,0,1,0,0.0263,0.2449,0,0,57754
h-第4轮-0238,第4轮,002990,盛视科技,2022-04-28,19.06,1.0,2022-07-07,25.35,33.0,70,True,False,10.41,14.6,-17.91,0.3018,mixed,0.1118,0.0527,0.5965,0.0702,0,0.7895,0.0746,0.1737,0.0657,0,0.2105,60081
h-第4轮-0242,第4轮,600848,上海临港,2022-06-07,12.71,0.5,2022-07-25,11.4,-10.31,48,False,False,2.89,5.26,-5.35,0.1219,logprobs,0.01,0.1228,0.0699,0.2066,0,0.21,0.0895,0.0989,0.007,0,0,45024
h-第4轮-0241,第4轮,603530,神马电力,2022-05-30,10.7,0.5,2022-06-07,11.3,5.61,8,False,False,29.03,45.58,37.17,0.4009,mixed,0.1109,0.478,0.8596,0.1932,0,0.4737,0.0043,0.1985,0.0249,0,0,52467
h-第4轮-0244,第4轮,002398,垒知集团,2022-06-10,5.8,0.5,2023-01-13,5.5,-5.17,217,True,False,5.09,4.18,8.18,0.0665,logprobs,0.0097,0.1397,0,0.193,0,0,0.1074,0,0.0247,0,0,51137
h-第4轮-0243,第4轮,002398,垒知集团,2022-06-08,5.73,0.5,2023-01-13,5.5,-4.01,219,True,False,5.09,4.18,8.18,0.1581,mixed,0.0344,0.1762,0,0.193,0,0.4211,0.0259,0.0001,0.0248,0,0.2233,69301
h-第4轮-0245,第4轮,300848,美瑞新材,2022-06-13,9.23,1.0,2022-08-11,15.61,69.12,59,False,False,-7.56,-15.25,-24.6,0.4983,mixed,0.1526,0.7193,0.3158,0.9298,0,0.5263,0.397,0.1873,0.0248,0,0.0526,68006
h-第4轮-0246,第4轮,600848,上海临港,2022-06-13,12.58,0.5,2022-07-25,11.4,-9.38,42,False,False,2.89,5.26,-5.35,0.1637,mixed,0.0766,0.0702,0,0.2249,0,0.5233,0.0656,0,0.1337,0,0.4065,59437
h-第4轮-0248,第4轮,601107,四川成渝,2022-06-15,3.53,0.5,2022-10-14,3.23,-8.5,121,False,False,-1.55,0.31,-0.93,0.3001,logprobs,0.0945,0.3422,0,0.1584,0,1,0.1315,0,0.0426,0,0,44154
h-第4轮-0247,第4轮,603530,神马电力,2022-06-13,11.11,1.0,2022-06-28,20.42,83.8,15,False,False,-29.43,-30.17,-33.55,0.0984,mixed,0.0239,0.0526,0.1596,0,0,0.2798,0.0744,0.0018,0,0,0.2367,64301
h-第4轮-0249,第4轮,601107,四川成渝,2022-06-20,3.49,0.5,2022-10-14,3.23,-7.45,116,False,False,-1.55,0.31,-0.93,0.1404,logprobs,0.0257,0.1754,0.0356,0.2807,0,0.2105,0.0245,0.0504,0.1737,0,0.1969,64225
h-第4轮-0251,第4轮,603180,金牌家居,2022-07-19,23.59,0.5,2022-09-14,25.15,6.61,57,False,False,-3.5,-0.95,13.44,0.2843,mixed,0.0993,0.158,0.1932,0.193,0,0.8772,0,0.0246,0.0248,0,0.1737,70181
h-第4轮-0253,第4轮,600848,上海临港,2022-08-05,11.49,1.0,2022-08-18,11.84,3.05,13,False,False,0.59,-1.94,-2.28,0.447,mixed,0.1511,0.2631,0.8494,0.0526,0.0699,1,0.0859,0.1917,0.0744,0.0988,0,58755
h-第4轮-0254,第4轮,300507,苏奥传感,2022-08-22,7.03,1.0,2022-09-16,6.31,-10.24,25,False,False,-10.94,-6.66,-10.3,0.0421,logprobs,0.0055,0.1754,0,0.0351,0,0,0.0249,0,0.0496,0,0,58262
h-第4轮-0252,第4轮,603180,金牌家居,2022-07-26,23.76,0.5,2022-09-14,25.15,5.85,50,False,False,-3.5,-0.95,13.44,0.3193,logprobs,0.1305,0.2105,0.1931,0.193,0,1,0.1969,0.0496,0.0495,0,0,70174
h-第4轮-0255,第4轮,688329,艾隆科技,2022-08-23,40.25,0.5,2022-09-19,33.33,-17.19,27,False,False,13.56,26.55,9.33,0.0491,logprobs,0.0079,0.1053,0,0.1404,0,0,0.0744,0,0.0993,0,0,48114
h-第4轮-0256,第4轮,600848,上海临港,2022-08-26,11.97,1.0,2023-01-12,11.18,-6.6,139,True,False,4.56,2.42,7.07,0.0316,logprobs,0.0049,0.1227,0,0.0351,0,0,0.0894,0,0.0496,0,0,50750
h-第4轮-0258,第4轮,002055,得润电子,2022-09-02,10.72,0.5,2023-04-14,9.79,-8.68,224,True,False,-13.99,-17.36,5.11,0.2979,logprobs,0.0866,0.2672,0,0.2225,0,1,0.1537,0,0.0582,0,0,49036
h-第4轮-0257,第4轮,688329,艾隆科技,2022-08-30,37.09,0.5,2022-09-19,33.33,-10.14,20,False,False,13.56,26.55,9.33,0.1231,logprobs,0.0182,0.1404,0,0.1584,0.0007,0.316,0.1081,0,0.0007,0.001,0.1577,57784
h-第4轮-0259,第4轮,603367,辰欣药业,2022-09-09,10.96,0.5,2022-11-18,12.63,15.24,70,False,False,-4.67,0.79,2.93,0.1057,logprobs,0.0166,0.0877,0.1755,0.2654,0,0,0.0656,0.0248,0.152,0,0,55913
h-第4轮-0263,第4轮,688669,聚石化学,2022-09-27,18.7,1.0,2022-09-30,17.47,-6.58,3,False,False,10.99,-2.92,-7.78,0.1457,logprobs,0.0721,0.1405,0,0.0877,0,0.5,0.0352,0.0001,0.124,0,0.5,50484
h-第4轮-0261,第4轮,603367,辰欣药业,2022-09-21,10.46,0.5,2022-11-25,11.97,14.44,65,False,False,5.26,-3.76,6.85,0.0873,logprobs,0.0098,0.1053,0.1908,0.1404,0,0,0.0744,0.0234,0.1081,0,0,46194
h-第4轮-0264,第4轮,688329,艾隆科技,2022-09-27,36.19,0.5,2023-03-22,36.99,2.21,176,True,False,0.32,-5.52,-8.11,0.203,mixed,0.0244,0.2708,0.0789,0.2631,0,0.4021,0.1434,0.0789,0.0001,0,0,44891
h-第4轮-0265,第4轮,603530,神马电力,2022-10-24,12.94,0.5,2022-11-08,13.49,4.25,15,False,False,31.13,11.86,24.61,0.1037,logprobs,0.0062,0.1054,0.1228,0.158,0,0.1323,0.0745,0.0894,0.043,0,0.027,49783
h-第4轮-0270,第4轮,688669,聚石化学,2022-12-05,17.22,1.0,2022-12-16,18.1,5.11,11,False,False,-10.99,-8.01,3.7,0.0246,logprobs,0.004,0,0.1229,0,0,0,0,0.0895,0,0,0,59144
h-第4轮-0267,第4轮,603530,神马电力,2022-11-01,13.07,0.5,2022-11-08,13.49,3.21,7,False,False,31.13,11.86,24.61,0.1015,logprobs,0.0072,0.1587,0.1579,0.1383,0,0.0526,0.0011,0.0429,0.1058,0,0.0526,48497
h-第4轮-0266,第4轮,688669,聚石化学,2022-10-26,19.52,1.0,2022-11-09,17.07,-12.55,14,False,False,-1.17,2.11,7.38,0.2982,logprobs,0.0792,0.2453,0.0874,0.1582,0,0.9999,0.0889,0.1236,0.0002,0,0,53530
h-第4轮-0268,第4轮,603180,金牌家居,2022-11-04,23.28,0.5,2022-12-23,26.31,13.02,49,False,False,14.71,19.61,29.72,0.309,logprobs,0.0865,0.5263,0.6314,0.178,0,0.2094,0.2392,0.2234,0.0277,0,0,57385
h-第4轮-0271,第4轮,601107,四川成渝,2022-12-09,3.35,1.0,2023-01-20,3.25,-2.99,42,True,False,1.23,2.77,-0.62,0.0778,logprobs,0.0191,0.2807,0.0556,0.0527,0,0,0.1736,0.0726,0.0745,0,0,54546
h-第4轮-0272,第4轮,300507,苏奥传感,2022-12-15,5.79,1.0,2023-03-31,6.48,11.92,106,True,False,-6.64,-14.04,-2.62,0.0814,logprobs,0.0083,0.1579,0.1417,0.0526,0,0.0546,0.1137,0.0265,0.0744,0,0.0546,54445
h-第4轮-0274,第4轮,688329,艾隆科技,2022-12-28,35.39,0.5,2023-03-22,36.99,4.52,84,True,False,0.32,-5.52,-8.11,0.1368,logprobs,0.0183,0.2982,0.1579,0.228,0,0,0.1241,0.0428,0.0497,0,0,44449
h-第4轮-0273,第4轮,300451,创业慧康,2022-12-23,7.66,1.0,2023-01-05,8.28,8.09,13,False,False,11.47,10.99,39.13,0.2878,mixed,0.0967,0.1754,0.4561,0.0176,0.0004,0.7895,0.0248,0.2367,0.0249,0.0006,0.2105,59140
h-第4轮-0275,第4轮,603367,辰欣药业,2022-12-30,11.35,0.5,2023-04-12,12.89,13.57,103,True,False,3.03,9.15,8.15,0.3374,logprobs,0.1337,0.3509,0.1753,0.1607,0,1,0.2367,0.0245,0.0391,0,0,65873
h-第4轮-0276,第4轮,688669,聚石化学,2023-01-03,16.47,0.5,2023-02-13,20.15,22.34,41,False,False,2.68,-5.11,-14.79,0.7118,mixed,0.1361,1,1,0.6641,0,0.8947,0,0,0.1644,0,0,52413
h-第4轮-0277,第4轮,688669,聚石化学,2023-01-03,16.47,0.5,2023-02-20,21.03,27.69,48,False,False,-3.61,-10.75,-14.88,0.4948,logprobs,0.203,1,0.807,0.6667,0.0002,0.0001,0,0.2031,0.3603,0.0002,0,57451
h-第4轮-0278,第4轮,300451,创业慧康,2023-01-13,8.2,0.5,2023-01-16,8.52,3.9,3,False,False,9.39,0.35,10.09,0.3691,mixed,0.1081,0.2982,0.4553,0.3027,0,0.7895,0.1313,0.3857,0.1954,0,0.2105,64580
h-第4轮-0279,第4轮,300451,创业慧康,2023-01-13,8.2,0.5,2023-02-01,9.08,10.73,19,False,False,-2.86,5.29,-8.04,0.4228,mixed,0.1304,0.193,0.6579,0.228,0.0351,1,0.0496,0.2895,0.0654,0.0496,0,62608
h-第4轮-0280,第4轮,002393,力生制药,2023-01-18,11.86,0.5,2023-06-02,13.22,11.47,135,False,False,0.53,2.34,10.51,0.0736,logprobs,0.0088,0.1228,0.1053,0.14,0,0,0.0895,0.0745,0.1077,0,0,61062
h-第4轮-0281,第4轮,603367,辰欣药业,2023-01-20,13.49,0.5,2023-04-12,12.89,-4.45,82,True,False,3.03,9.15,8.15,0.3983,logprobs,0.1997,0.9737,0.1233,0.8947,0,0,0.0263,0.0896,0.1489,0,0,45821
h-第4轮-0283,第4轮,002353,杰瑞股份,2023-02-24,29.17,0.5,2023-08-25,27.71,-5.01,182,True,False,6.53,9.06,0.32,0.1194,logprobs,0.0205,0.3333,0,0.1755,0,0.088,0.1309,0,0.0248,0,0.0658,60797
h-第4轮-0284,第4轮,688669,聚石化学,2023-02-27,20.69,1.0,2023-03-07,19.32,-6.62,8,False,False,-1.24,-3.78,-6.52,0.1369,logprobs,0.0304,0.1054,0.0001,0,0.0002,0.5789,0.0745,0.0001,0,0.0002,0,51738
h-第4轮-0285,第4轮,688669,聚石化学,2023-03-24,19.53,0.5,2023-04-04,18.59,-4.81,11,False,False,3.82,-6.19,-3.39,0.1064,logprobs,0.0178,0.207,0,0.1673,0,0.1575,0.1921,0,0.0135,0,0.1133,63746
h-第4轮-0287,第4轮,603379,三美股份,2023-04-06,30.27,0.5,2023-11-15,27.9,-7.83,223,True,False,6.31,13.08,30.79,0.0421,logprobs,0.0055,0.0527,0,0.1579,0,0,0.0745,0,0.0428,0,0,54387
h-第4轮-0286,第4轮,688669,聚石化学,2023-03-29,18.79,0.5,2023-04-04,18.59,-1.06,6,False,False,3.82,-6.19,-3.39,0.1299,logprobs,0.0075,0.176,0.1228,0.193,0,0.1579,0.0256,0.0894,0.0248,0,0,57270
h-第4轮-0291,第4轮,300815,玉禾田,2023-04-21,13.28,0.5,2023-11-20,14.33,7.91,213,True,False,1.05,-2.3,-16.33,0.0701,logprobs,0.018,0,0,0.1928,0,0.1579,0,0,0.0497,0,0.2233,59549
h-第4轮-0290,第4轮,603379,三美股份,2023-04-21,32.38,0.5,2023-11-15,27.9,-13.84,208,True,False,6.31,13.08,30.79,0.0877,logprobs,0.0213,0.2456,0,0.193,0,0,0.1938,0,0.0248,0,0,52553
h-第4轮-0294,第4轮,601858,中国科传,2023-07-07,31.04,1.0,2023-07-31,28.5,-8.18,24,False,False,-3.68,16.0,-11.16,0.4052,logprobs,0.1942,0.5,0.0702,0.4556,0,1,0.5,0.0657,0.3112,0,0,56981
h-第4轮-0292,第4轮,301019,宁波色母,2023-05-08,12.97,1.0,2023-07-05,13.89,7.09,58,True,False,6.12,2.3,5.47,0.0843,logprobs,0.0185,0.2632,0.1585,0,0,0,0.1489,0.0003,0,0,0,46675
h-第4轮-0295,第4轮,002848,*ST高斯,2023-07-28,10.0,0.5,2023-09-08,11.23,12.3,42,False,False,3.65,-0.8,4.36,0.3335,logprobs,0.07,0.2982,0.4211,0.2994,0.035,0.614,0.1312,0.0745,0.1617,0.0496,0.3473,69693
h-第4轮-0297,第4轮,002393,力生制药,2023-07-28,13.72,0.5,2023-08-31,14.19,3.43,34,True,False,-7.47,-4.3,6.06,0.0666,logprobs,0.0094,0.0701,0,0.2104,0,0.0527,0.0991,0,0.043,0,0.0744,61883
h-第4轮-0296,第4轮,002848,*ST高斯,2023-07-28,10.0,0.5,2023-09-11,10.9,9.0,45,False,False,17.43,1.56,12.57,0.4351,logprobs,0.0798,0.4737,0.4737,0.2281,0,1,0,0,0.0656,0,0,62646
h-第4轮-0298,第4轮,300961,深水海纳,2023-08-04,11.15,0.5,2023-08-25,11.94,7.09,21,False,False,-9.46,-10.89,-9.13,0.0877,logprobs,0.0104,0.1227,0.2105,0.1052,0,0,0.0893,0.0429,0.0858,0,0,45749
h-第4轮-0300,第4轮,601858,中国科传,2023-09-07,30.03,0.5,2023-12-07,29.81,-0.73,91,True,False,-14.66,-24.82,-11.61,0.0631,logprobs,0.0067,0.0877,0.07,0.0878,0,0.0702,0.0656,0.0989,0.0657,0,0.0993,65465
h-第4轮-0302,第4轮,002848,*ST高斯,2023-09-15,10.23,0.5,2023-10-11,11.15,8.99,26,False,False,-2.87,2.69,5.47,0.0915,logprobs,0.0096,0.123,0.1239,0.2104,0,0,0.0896,0.0646,0.043,0,0,50942
h-第4轮-0301,第4轮,601858,中国科传,2023-09-13,30.22,0.5,2023-12-07,29.81,-1.36,85,True,False,-14.66,-24.82,-11.61,0.2906,logprobs,0.1782,0.684,0,0.7692,0,0,0.2395,0,0.3206,0,0,53020
h-第4轮-0303,第4轮,002848,*ST高斯,2023-09-19,10.41,0.5,2023-10-11,11.15,7.11,22,False,False,-2.87,2.69,5.47,0.0686,logprobs,0.0074,0.0622,0.0877,0.1931,0,0,0.0691,0.0656,0.0249,0,0,54457
h-第4轮-0304,第4轮,300961,深水海纳,2023-09-28,10.72,0.5,2023-12-29,11.23,4.76,92,False,False,3.56,-4.63,-14.43,0.1316,logprobs,0.0716,0.4736,0.1843,0,0,0,0.0001,0.0263,0,0,0,23360
